id,lat,lng
6037,34.3207,-118.2248
17031,41.8401,-87.8168
48201,29.8577,-95.3936
4013,33.3490,-112.4915
6073,33.0341,-116.7353
6059,33.7030,-117.7611
12086,25.6150,-80.5623
48113,32.7666,-96.7779
36047,40.6395,-73.9385
6065,33.7437,-115.9938
36081,40.7023,-73.8203
53033,47.4902,-121.8052
32003,36.2152,-115.0135
6071,34.8414,-116.1784
48439,32.7716,-97.2912
48029,29.4489,-98.5200
6085,37.2318,-121.6951
12011,26.1523,-80.4871
26163,42.2819,-83.2821
6001,37.6469,-121.8889
36061,40.7781,-73.9675
25017,42.4856,-71.3918
42101,40.0077,-75.1339
6067,38.4493,-121.3443
36103,40.8686,-72.8448
12099,26.6476,-80.4655
36005,40.8500,-73.8660
12057,27.9291,-82.3092
36059,40.7328,-73.5864
12095,28.5144,-81.3235
39049,39.9695,-83.0093
26125,42.6604,-83.3858
39035,41.4245,-81.6586
27053,45.0046,-93.4769
48453,30.3347,-97.7820
42003,40.4688,-79.9812
51059,38.8368,-77.2770
6013,37.9191,-121.9278
49035,40.6673,-111.9236
37119,35.2467,-80.8328
37183,35.7903,-78.6503
24031,39.1363,-77.2042
13121,33.7903,-84.4670
4019,32.0974,-111.7899
29189,38.6405,-90.4433
15003,21.5008,-158.1053
6019,36.7582,-119.6493
48085,33.1879,-96.5724
36119,41.1623,-73.7561
12103,27.9196,-82.7256
18097,39.7817,-86.1385
55079,43.0072,-87.9668
9001,41.2708,-73.3894
47157,35.1840,-89.8955
12031,30.3316,-81.6708
34003,40.9596,-74.0742
17043,41.8520,-88.0856
36029,42.7640,-78.7323
13135,33.9617,-84.0236
24033,38.8295,-76.8473
9003,41.8064,-72.7329
6029,35.3429,-118.7299
53053,47.0241,-122.1046
6075,37.7562,-122.4430
26099,42.6955,-82.9323
9009,41.4105,-72.9321
48215,26.3969,-98.1812
6111,34.4565,-119.0836
48141,31.7686,-106.2348
48121,33.2052,-97.1170
24005,39.4627,-76.6393
34023,40.4391,-74.4117
25027,42.3514,-71.9077
42091,40.2108,-75.3673
39061,39.1955,-84.5428
41051,45.5468,-122.4147
53061,48.0475,-121.6975
25025,42.3336,-71.0709
34013,40.7872,-74.2470
40109,35.5515,-97.4072
25009,42.6731,-70.9520
6081,37.4229,-122.3290
21111,38.1872,-85.6591
48157,29.5275,-95.7709
13067,33.9415,-84.5767
13089,33.7715,-84.2264
36055,43.1464,-77.6961
6077,37.9348,-121.2714
12071,26.5778,-81.8337
8031,39.7621,-104.8759
17097,42.3233,-88.0037
25021,42.1607,-71.2111
8041,38.8321,-104.5255
29095,39.0085,-94.3461
11001,38.9047,-77.0163
17197,41.4450,-87.9786
47037,36.1695,-86.7848
12105,27.9489,-81.6976
35001,35.0513,-106.6701
34017,40.7351,-74.0777
1073,33.5543,-86.8964
26081,43.0322,-85.5493
40143,36.1211,-95.9415
8005,39.6498,-104.3392
44007,41.8721,-71.5800
42017,40.3370,-75.1069
34025,40.2603,-74.2213
24510,39.3051,-76.6144
49049,40.1199,-111.6703
34029,39.8855,-74.2813
20091,38.8838,-94.8223
41067,45.5601,-123.0984
12009,28.2937,-80.7323
8059,39.5864,-105.2505
48339,30.3002,-95.5030
24003,39.0065,-76.6051
42045,39.9167,-75.3991
25005,41.7972,-71.1144
31055,41.2953,-96.1543
10003,39.5768,-75.6527
34039,40.6600,-74.3085
48491,30.6480,-97.6008
27123,45.0171,-93.0996
6099,37.5591,-120.9977
39153,41.1260,-81.5322
42071,40.0424,-76.2477
12127,29.0584,-81.1819
55025,43.0673,-89.4181
39113,39.7546,-84.2906
17089,41.9388,-88.4286
37081,36.0795,-79.7889
12101,28.3091,-82.3932
42029,39.9731,-75.7484
25023,41.9512,-70.8114
20173,37.6848,-97.4610
45045,34.8944,-82.3707
34007,39.8035,-74.9597
53063,47.6207,-117.4040
8001,39.8736,-104.3378
34031,41.0344,-74.3008
6097,38.5283,-122.8874
34027,40.8620,-74.5445
18089,41.4171,-87.3822
19153,41.6855,-93.5735
36085,40.5808,-74.1524
53011,45.7793,-122.4825
25013,42.1351,-72.6316
36067,43.0058,-76.1946
6107,36.2201,-118.8005
51153,38.7030,-77.4809
12117,28.7170,-81.2363
47093,35.9932,-83.9371
32031,40.6657,-119.6643
16001,43.4511,-116.2412
51810,36.7335,-76.0435
34005,39.8777,-74.6681
42133,39.9200,-76.7265
6083,34.6729,-120.0165
22033,30.5383,-91.0956
6095,38.2700,-121.9329
22051,29.7872,-90.1274
6053,36.2172,-121.2392
4021,32.9044,-111.3448
39095,41.6199,-83.6583
48061,26.1334,-97.5181
27037,44.6719,-93.0654
12115,27.1845,-82.3315
42011,40.4163,-75.9260
1097,30.7872,-88.2058
33011,42.9153,-71.7161
45079,34.0218,-80.9031
41005,45.1880,-122.2209
26049,43.0217,-83.7067
45019,32.8346,-79.9531
55133,43.0182,-88.3045
51107,39.0907,-77.6357
29183,38.7819,-90.6749
5119,34.7700,-92.3119
22071,30.0687,-89.9288
6061,39.0635,-120.7175
12081,27.4719,-82.3153
36071,41.4021,-74.3055
39017,39.4386,-84.5756
37067,36.1306,-80.2563
41039,43.9388,-122.8475
18003,41.0909,-85.0666
39151,40.8139,-81.3656
12021,26.1107,-81.3476
34021,40.2834,-74.7018
26161,42.2532,-83.8388
42077,40.6127,-75.5923
1089,34.7631,-86.5502
48355,27.7255,-97.6132
47065,35.1808,-85.1648
48039,29.1897,-95.4519
12083,29.2102,-82.0567
42129,40.3107,-79.4670
12097,28.0627,-81.1495
27003,45.2733,-93.2465
48027,31.0377,-97.4782
12069,28.7615,-81.7113
49011,40.9900,-112.1115
8069,40.6664,-105.4611
51041,37.3785,-77.5870
41047,44.9033,-122.5849
8035,39.3297,-104.9296
48167,29.3931,-94.9629
37051,35.0486,-78.8276
45051,33.9215,-78.9965
34035,40.5635,-74.6163
51087,37.5380,-77.4058
36087,41.1524,-74.0241
18057,40.0725,-86.0520
8013,40.0925,-105.3577
21067,38.0423,-84.4587
24027,39.2507,-76.9312
42079,41.1770,-75.9890
47149,35.8427,-86.4167
12033,30.6689,-87.3628
31109,40.7842,-96.6878
12111,27.3773,-80.4720
37063,36.0360,-78.8766
29510,38.6358,-90.2451
17111,42.3244,-88.4523
39093,41.2956,-82.1512
45083,34.9312,-81.9908
36001,42.6002,-73.9736
33015,42.9876,-71.1254
8123,40.5548,-104.3925
48303,33.6102,-101.8205
42095,40.7542,-75.3076
36027,41.7651,-73.7429
2020,61.1508,-149.1091
23005,43.8464,-70.3988
34015,39.7173,-75.1414
26065,42.5971,-84.3735
45063,33.9023,-81.2722
12073,30.4580,-84.2779
29077,37.2580,-93.3420
13051,32.0042,-81.1328
26139,42.9598,-85.9961
17201,42.3363,-89.1609
13063,33.5419,-84.3576
6079,35.3871,-120.4045
53067,46.9258,-122.8332
40027,35.2031,-97.3265
42043,40.4155,-76.7795
6087,37.0562,-122.0018
42049,41.9926,-80.0328
48479,27.7611,-99.3315
6047,37.1919,-120.7177
18141,41.6167,-86.2899
9011,41.4866,-72.1015
34001,39.4777,-74.6610
53035,47.6132,-122.6717
45091,34.9747,-81.1844
5007,36.3387,-94.2561
12001,29.6747,-82.3577
17119,38.8297,-89.9049
26077,42.2455,-85.5312
17163,38.4703,-89.9284
55009,44.4529,-88.0037
6041,38.0734,-122.7234
37021,35.6112,-82.5301
27163,45.0387,-92.8839
22103,30.4102,-89.9583
48245,29.8841,-94.1629
24025,39.5611,-76.3171
49057,41.2698,-111.9134
24021,39.4722,-77.3980
48309,31.5524,-97.2018
53077,46.4571,-120.7384
42041,40.1636,-77.2655
13057,34.2439,-84.4762
22017,32.5801,-93.8823
12109,29.9016,-81.4407
51710,36.8945,-76.2590
29047,39.3105,-94.4209
22055,30.2068,-92.0639
51550,36.6778,-76.3024
28049,32.2667,-90.4428
51013,38.8786,-77.1011
5143,35.9791,-94.2156
37179,34.9884,-80.5307
39099,41.0146,-80.7763
36065,43.2417,-75.4359
39085,41.6966,-81.2373
39165,39.4276,-84.1668
36091,43.1074,-73.8639
13117,34.2255,-84.1250
4025,34.5999,-112.5540
37129,34.2328,-77.8847
48423,32.3750,-95.2692
1101,32.2203,-86.2076
51760,37.5295,-77.4756
6007,39.6669,-121.6007
47187,35.8938,-86.8986
13151,33.4530,-84.1542
10005,38.6606,-75.3900
29099,38.2611,-90.5377
19113,42.0790,-91.5990
48041,30.6608,-96.3024
53073,48.8259,-121.7199
37071,35.2944,-81.1803
16027,43.6251,-116.7093
6113,38.6866,-121.9016
41029,42.4322,-122.7285
35013,32.3526,-106.8328
45015,33.1973,-79.9522
25001,41.7242,-70.2915
1117,33.2643,-86.6607
48209,30.0581,-98.0311
1003,30.7275,-87.7226
12019,29.9831,-81.8579
36063,43.2001,-78.7452
42069,41.4368,-75.6092
17019,40.1401,-88.1992
4027,32.7695,-113.9056
4015,35.7041,-113.7580
1125,33.2896,-87.5251
42125,40.1894,-80.2482
37025,35.3868,-80.5519
18039,41.5974,-85.8587
28047,30.5118,-89.1159
23031,43.4782,-70.7144
39025,39.0475,-84.1519
12091,30.6913,-86.5917
13245,33.3596,-82.0735
22019,30.2292,-93.3579
39041,40.2784,-83.0049
39155,41.3172,-80.7611
47125,36.4969,-87.3828
27137,47.6032,-92.4706
15001,19.5987,-155.5185
13139,34.3169,-83.8197
45007,34.5193,-82.6378
53005,46.2398,-119.5112
37101,35.5178,-78.3657
17167,39.7582,-89.6589
13215,32.5100,-84.8771
55101,42.7475,-88.0612
37133,34.7321,-77.4321
36007,42.1602,-75.8196
26145,43.3350,-84.0532
18157,40.3886,-86.8941
26093,42.6029,-83.9115
46099,43.6742,-96.7915
6017,38.7787,-120.5247
42019,40.9118,-79.9133
12053,28.5536,-82.4250
41017,43.9151,-121.2281
45013,32.3855,-80.7302
55087,44.4161,-88.4649
47165,36.4694,-86.4604
54039,38.3366,-81.5281
17143,40.7880,-89.7600
12005,30.2652,-85.6203
9005,41.7925,-73.2453
18163,38.0250,-87.5858
31153,41.1129,-96.1120
12015,26.9055,-81.9123
6025,33.0395,-115.3654
51700,37.1051,-76.5185
6089,40.7637,-122.0405
28033,34.8754,-89.9918
36111,41.8881,-74.2586
37147,35.5933,-77.3745
39103,41.1176,-81.8997
20177,39.0415,-95.7565
29019,38.9906,-92.3097
38017,46.9330,-97.2480
10001,39.0862,-75.5684
37097,35.8070,-80.8734
12113,30.7004,-87.0220
48139,32.3484,-96.7945
39089,40.0916,-82.4831
26121,43.2912,-86.1520
17113,40.4909,-88.8473
19163,41.6371,-90.6232
55139,44.0689,-88.6446
18127,41.4605,-87.0673
55059,42.5769,-88.0424
45003,33.5443,-81.6347
48329,31.8691,-102.0316
42089,41.0581,-75.3395
24013,39.5629,-77.0225
48251,32.3790,-97.3663
39057,39.6915,-83.8899
8101,38.1735,-104.5128
15009,20.8596,-156.5648
42007,40.6823,-80.3493
49053,37.2804,-113.5048
21117,38.9334,-84.5333
37057,35.7934,-80.2127
20209,39.1146,-94.7646
44003,41.6722,-71.5930
18063,39.7695,-86.5100
37001,36.0437,-79.3994
9007,41.4632,-72.5351
50007,44.4610,-73.0809
39133,41.1677,-81.1974
55105,42.6712,-89.0716
42027,40.9193,-77.8200
1081,32.6011,-85.3555
25015,42.3402,-72.6638
48135,31.8692,-102.5429
13223,33.9205,-84.8673
24017,38.5073,-76.9922
26147,42.9341,-82.6805
36083,42.7111,-73.5097
12085,27.0775,-80.4315
30111,45.9373,-108.2744
48187,29.5831,-97.9486
26075,42.2485,-84.4234
27145,45.5521,-94.6130
45035,33.0793,-80.4067
51510,38.8185,-77.0861
37035,35.6620,-81.2151
16055,47.6744,-116.7018
47163,36.5129,-82.3042
22073,32.4783,-92.1549
6039,37.2180,-119.7627
36093,42.8181,-74.0586
27109,44.0038,-92.4018
39045,39.7516,-82.6306
42055,39.9274,-77.7213
26021,41.9547,-86.4123
12061,27.6943,-80.6062
18081,39.4900,-86.1016
13153,32.4590,-83.6662
13021,32.8065,-83.6974
28121,32.2641,-89.9458
34011,39.3738,-75.1108
23019,45.4006,-68.6495
8077,39.0183,-108.4664
9013,41.8550,-72.3365
13073,33.5441,-82.2640
6031,36.0753,-119.8155
24043,39.6036,-77.8140
33013,43.2975,-71.6802
26115,41.9287,-83.5375
35049,35.5069,-105.9763
19103,41.6715,-91.5881
51179,38.4207,-77.4580
18105,39.1609,-86.5231
27139,44.6485,-93.5359
12017,28.8489,-82.4794
37135,36.0611,-79.1207
17161,41.4673,-90.5674
13097,33.7018,-84.7680
13077,33.3535,-84.7634
37151,35.7103,-79.8060
35043,35.6886,-106.8659
42107,40.7058,-76.2160
28059,30.5423,-88.6357
48091,29.8082,-98.2783
34037,41.1393,-74.6909
4005,35.8387,-111.7705
40017,35.5424,-97.9824
37159,35.6395,-80.5248
42075,40.3672,-76.4577
6055,38.5065,-122.3305
22063,30.4401,-90.7279
45041,34.0245,-79.7030
48441,32.3015,-99.8901
47189,36.1549,-86.2978
6023,40.6993,-123.8756
55073,44.8983,-89.7591
51650,37.0551,-76.3630
55131,43.3685,-88.2307
39023,39.9168,-83.7838
27171,45.1740,-93.9631
26025,42.2465,-85.0056
48381,34.9659,-101.8970
48367,32.7777,-97.8051
17179,40.5075,-89.5134
42021,40.4953,-78.7137
51177,38.1850,-77.6561
37155,34.6402,-79.1039
19013,42.4701,-92.3088
37085,35.3686,-78.8694
22105,30.6266,-90.4057
37019,34.0710,-78.2377
48485,33.9879,-98.7036
42051,39.9199,-79.6473
48181,33.6268,-96.6777
22079,31.1986,-92.5332
21015,38.9699,-84.7278
39173,41.3617,-83.6230
47009,35.6872,-83.9255
18095,40.1616,-85.7194
33017,43.2970,-71.0289
21227,36.9936,-86.4238
36013,42.2282,-79.3663
47179,36.2933,-82.4974
5131,35.1993,-94.2742
35045,36.5085,-108.3206
22015,32.6789,-93.6050
25003,42.3707,-73.2064
13059,33.9512,-83.3673
44009,41.4697,-71.6226
17093,41.5906,-88.4288
4003,31.8796,-109.7512
53057,48.4794,-121.7302
41043,44.4889,-122.5350
12119,28.7048,-82.0810
34019,40.5673,-74.9122
49005,41.7224,-111.7436
45077,34.8873,-82.7252
48257,32.5993,-96.2878
5045,35.1470,-92.3320
37191,35.3640,-78.0040
48183,32.4805,-94.8170
42013,40.4810,-78.3486
22005,30.2036,-90.9113
40031,34.6621,-98.4717
23011,44.4091,-69.7673
39139,40.7747,-82.5365
20045,38.8847,-95.2926
29097,37.2036,-94.3406
48375,35.4013,-101.8939
5125,34.6466,-92.6765
1103,34.4535,-86.8529
36075,43.4269,-76.1414
48451,31.4045,-100.4621
55063,43.9066,-91.1152
30063,47.0365,-113.9237
13045,33.5828,-85.0798
9015,41.8300,-71.9874
18019,38.4772,-85.7073
26005,42.5913,-85.8884
39169,40.8289,-81.8880
13185,30.8338,-83.2677
54003,39.4641,-78.0275
55117,43.7212,-87.9454
18035,40.2275,-85.3969
37089,35.3363,-82.4800
1015,33.7714,-85.8260
16019,43.3877,-111.6148
42081,41.3434,-77.0645
36045,44.0494,-75.9210
13113,33.4140,-84.4942
24037,38.3024,-76.6058
22109,29.4148,-90.8663
42085,41.3022,-80.2577
46103,44.0037,-102.8238
17091,41.1377,-87.8618
18091,41.5460,-86.7400
12035,29.4614,-81.3136
17099,41.3440,-88.8859
36069,42.8528,-77.2998
26045,42.5961,-84.8383
4017,35.3997,-110.3214
41019,43.2797,-123.1665
36089,44.4964,-75.0691
21093,37.6979,-85.9634
13217,33.5550,-83.8502
30031,45.5404,-111.1704
23001,44.1658,-70.2065
18167,39.4306,-87.3900
51003,38.0229,-78.5567
5031,35.8308,-90.6328
53015,46.1932,-122.6810
45085,33.9162,-80.3823
34041,40.8572,-74.9973
47011,35.1541,-84.8596
51085,37.7601,-77.4912
17115,39.8600,-88.9616
54061,39.6303,-80.0466
39109,40.0535,-84.2289
2170,62.3162,-149.5714
13015,34.2377,-84.8403
41071,45.2326,-123.3081
1069,31.1532,-85.3025
28089,32.6347,-90.0337
17037,41.8935,-88.7703
13313,34.8056,-84.9672
26017,43.7080,-83.9916
29037,38.6470,-94.3549
55035,44.7268,-91.2860
12055,27.3433,-81.3410
29071,38.4111,-91.0750
39029,40.7684,-80.7772
39003,40.7715,-84.1058
55127,42.6685,-88.5419
1055,34.0453,-86.0348
36109,42.4520,-76.4736
55039,43.7536,-88.4883
19193,42.3897,-96.0448
24015,39.5712,-75.9407
24045,38.3733,-75.6208
37049,35.1249,-77.0939
42001,39.8715,-77.2179
27019,44.8208,-93.8026
29165,39.3803,-94.7738
21059,37.7318,-87.0873
30029,48.2951,-114.0497
6057,39.3014,-120.7685
51770,37.2785,-79.9580
2090,64.8078,-146.5654
36079,41.4267,-73.7495
5051,34.5767,-93.1504
26091,41.8951,-84.0664
56021,41.3070,-104.6895
51121,37.1743,-80.3872
22057,29.5662,-90.4258
39007,41.7075,-80.7483
47113,35.6081,-88.8385
13115,34.2632,-85.2143
37125,35.3106,-79.4814
37045,35.3341,-81.5555
48397,32.8977,-96.4078
47155,35.7846,-83.5242
19061,42.4688,-90.8825
19169,42.0362,-93.4650
36101,42.2678,-77.3838
6101,39.0346,-121.6948
1095,34.3670,-86.3066
53025,47.2057,-119.4518
51740,36.8468,-76.3540
38015,46.9775,-100.4687
1083,34.8101,-86.9814
27141,45.4439,-93.7746
54011,38.4203,-82.2417
48231,33.1236,-96.0855
37127,35.9673,-77.9864
39055,41.4996,-81.1786
51161,37.2693,-80.0680
19155,41.3366,-95.5423
48037,33.4458,-94.4234
34009,39.1490,-74.8002
21037,38.9465,-84.3795
1077,34.9014,-87.6540
39157,40.4409,-81.4738
45057,34.6867,-80.7054
26055,44.6688,-85.5605
48469,28.7964,-96.9715
53021,46.5347,-118.8989
47119,35.6169,-87.0770
42097,40.8520,-76.7093
24009,38.5434,-76.5687
13297,33.7816,-83.7339
40131,36.3716,-95.6044
41003,44.4918,-123.4293
37157,36.3960,-79.7750
21151,37.7202,-84.2780
36117,43.1566,-77.0294
51800,36.6953,-76.6398
37023,35.7496,-81.7048
33009,43.9406,-71.8208
13247,33.6542,-84.0266
13095,31.5335,-84.2164
55109,45.0341,-92.4528
55089,43.3840,-87.9509
29021,39.6598,-94.8059
26087,43.0901,-83.2218
1115,33.7157,-86.3146
55027,43.4163,-88.7075
45075,33.4390,-80.8003
48005,31.2548,-94.6119
6045,39.4402,-123.3915
19049,41.6849,-94.0398
42073,40.9912,-80.3347
51069,39.2046,-78.2625
41033,42.3655,-123.5555
39119,39.9654,-81.9444
16005,42.6685,-112.2246
42039,41.6847,-80.1063
29043,36.9696,-93.1889
28081,34.2899,-88.6804
42063,40.6521,-79.0875
54107,39.2112,-81.5150
36015,42.1413,-76.7600
16083,42.3560,-114.6672
55055,43.0208,-88.7759
48021,30.1036,-97.3120
13127,31.2309,-81.5407
48361,30.1213,-93.8939
48291,30.1516,-94.8122
26111,43.6468,-84.3881
22097,30.5988,-92.0059
12089,30.6106,-81.8016
41053,44.9035,-123.4132
37109,35.4856,-81.2235
53029,48.1630,-122.5481
1043,34.1319,-86.8676
44005,41.5564,-71.2368
18005,39.2060,-85.8976
18067,40.4836,-86.1170
37027,35.9530,-81.5464
40119,36.0773,-96.9756
30013,47.3080,-111.3470
37195,35.7051,-77.9187
1051,32.5966,-86.1492
48213,32.2119,-95.8536
20103,39.1993,-95.0380
36019,44.7462,-73.6782
51680,37.4003,-79.1909
1121,33.3801,-86.1659
56025,42.9621,-106.7985
51165,38.5120,-78.8758
21029,37.9701,-85.6959
42033,41.0002,-78.4741
55071,44.1199,-87.8097
18085,41.2441,-85.8607
13013,33.9932,-83.7127
40145,35.9611,-95.5212
5145,35.2563,-91.7455
29031,37.3840,-89.6845
26037,42.9437,-84.6015
51019,37.3152,-79.5242
53041,46.5778,-122.3927
17183,40.1834,-87.7328
45073,34.7534,-83.0658
47141,36.1408,-85.4952
36011,42.9175,-76.5545
18043,38.3189,-85.9068
41059,45.5919,-118.7368
36009,42.2486,-78.6789
39141,39.3376,-83.0570
29051,38.5054,-92.2816
6115,39.2690,-121.3513
28075,32.4043,-88.6625
53007,47.8692,-120.6190
13031,32.3968,-81.7432
47001,36.1185,-84.1985
33005,42.9194,-72.2512
39145,38.8040,-82.9928
35061,34.7155,-106.8090
39063,41.0019,-83.6665
12087,25.3156,-81.1106
53009,48.0493,-123.9280
26159,42.2513,-86.0189
48099,31.3909,-97.7992
54081,37.7714,-81.2486
28035,31.1889,-89.2579
18059,39.8236,-85.7733
36105,41.7164,-74.7681
51015,38.1644,-79.1338
20161,39.2966,-96.7352
51095,37.3288,-76.7788
39043,41.3632,-82.6192
42111,39.9725,-79.0283
12107,29.6087,-81.7443
55141,44.4553,-90.0416
53027,47.1503,-123.7735
5085,34.7542,-91.8888
35031,35.5807,-108.2618
48471,30.7390,-95.5723
40125,35.2066,-96.9484
37171,36.4148,-80.6881
22045,29.8965,-91.7300
15007,22.0396,-159.5963
4001,35.3955,-109.4888
24001,39.6215,-78.6976
40037,35.9026,-96.3708
21047,36.8942,-87.4905
37037,35.7026,-79.2553
1049,34.4598,-85.8041
36053,42.9128,-75.6696
26073,43.6406,-84.8468
55097,44.4760,-89.5014
25011,42.5831,-72.5918
45047,34.1538,-82.1259
47147,36.5255,-86.8706
35025,32.7921,-103.4125
38035,47.9219,-97.4569
12023,30.2242,-82.6215
18109,39.4816,-86.4462
13285,33.0335,-85.0284
51061,38.7386,-77.8092
5069,34.2688,-91.9315
37031,34.8357,-76.6589
13295,34.7356,-85.3010
47059,36.1753,-82.8458
38101,48.2217,-101.5418
40101,35.6161,-95.3795
37193,36.2063,-81.1634
28067,31.6226,-89.1688
26155,42.9537,-84.1467
12131,30.6436,-86.1697
39013,40.0158,-80.9885
51199,37.2432,-76.5636
54033,39.2835,-80.3799
8014,39.9541,-105.0527
13157,34.1339,-83.5664
23003,46.6589,-68.5989
30049,47.1224,-112.3904
49045,40.4488,-113.1311
17199,37.7303,-88.9299
45031,34.3325,-79.9577
48409,28.0091,-97.5186
41035,42.6864,-121.6502
45059,34.4836,-82.0059
27013,44.0346,-94.0670
13047,34.9036,-85.1382
20015,37.7812,-96.8390
26103,46.4314,-87.6416
29187,37.8102,-90.4722
37161,35.4026,-81.9198
48203,32.5481,-94.3715
18053,40.5158,-85.6547
39081,40.3850,-80.7610
37069,36.0828,-78.2857
18177,39.8644,-85.0098
48497,33.2159,-97.6545
27131,44.3543,-93.2967
35035,32.6132,-105.7415
17001,39.9879,-91.1885
21185,38.3994,-85.4483
39009,39.3339,-82.0452
42005,40.8123,-79.4645
42037,41.0487,-76.4052
18011,40.0508,-86.4687
48347,31.6160,-94.6159
13255,33.2609,-84.2841
39101,40.5872,-83.1609
21145,37.0540,-88.7127
35005,33.3633,-104.4669
45055,34.3388,-80.5902
21199,37.1039,-84.5773
26067,42.9451,-85.0746
36113,43.5610,-73.8460
27035,46.4824,-94.0709
6033,39.0996,-122.7532
47063,36.2171,-83.2667
1127,33.8033,-87.2973
48427,26.5621,-98.7387
55111,43.4267,-89.9482
6103,40.1256,-122.2341
55017,45.0694,-91.2798
42025,40.9182,-75.7088
53045,47.3484,-123.1927
5115,35.4476,-93.0342
41011,43.1742,-124.0594
36051,42.7281,-77.7755
27027,46.8924,-96.4907
26117,43.3110,-85.1525
37163,34.9915,-78.3714
34033,39.5876,-75.3491
20155,37.9530,-98.0860
5033,35.5885,-94.2429
22001,30.2905,-92.4120
18173,38.0922,-87.2721
36043,43.4197,-74.9625
28073,31.2060,-89.5087
45043,33.4343,-79.3323
40047,36.3791,-97.7827
36115,43.3137,-73.4308
37167,35.3120,-80.2510
39083,40.3988,-82.4215
47167,35.4969,-89.7592
13179,31.8281,-81.4947
31079,40.8726,-98.5022
51143,36.8213,-79.3971
37087,35.5560,-82.9822
42015,41.7887,-76.5154
33001,43.5179,-71.4227
26149,41.9144,-85.5278
26015,42.5950,-85.3090
37105,35.4752,-79.1715
13103,32.3673,-81.3413
39167,39.4553,-81.4953
37141,34.5248,-77.9051
6069,36.6057,-121.0750
36021,42.2501,-73.6318
53071,46.2298,-118.4784
21125,37.1107,-84.1178
39087,38.5984,-82.5368
36077,42.6338,-75.0326
54055,37.4055,-81.1114
22113,29.8465,-92.3238
21195,37.4691,-82.3958
37077,36.3041,-78.6527
47035,35.9504,-84.9984
28087,33.4729,-88.4433
8045,39.5993,-107.9040
39143,41.3563,-83.1462
37061,34.9365,-77.9330
50021,43.5801,-73.0366
2122,60.2654,-151.5652
50023,44.2734,-72.6149
39077,41.1462,-82.5984
48221,32.4300,-97.8323
27111,46.4088,-95.7080
29145,36.9055,-94.3393
48323,28.7425,-100.3145
17077,37.7851,-89.3821
1113,32.2884,-85.1849
48001,31.8133,-95.6525
36037,43.0009,-78.1938
39129,39.6419,-83.0244
35015,32.4715,-104.3043
1009,33.9809,-86.5674
23017,44.4999,-70.7566
13129,34.5032,-84.8759
55021,43.4666,-89.3337
45021,35.0481,-81.6205
46083,43.2789,-96.7218
48199,30.3324,-94.3902
37107,35.2388,-77.6412
39159,40.2994,-83.3716
47073,36.4412,-82.9447
54079,38.5086,-81.9090
54037,39.3076,-77.8628
29113,39.0580,-90.9601
47019,36.2928,-82.1275
54049,39.5100,-80.2434
51067,36.9920,-79.8811
37047,34.2656,-78.6550
17195,41.7562,-89.9141
8067,37.2866,-107.8433
42103,41.3320,-75.0338
1001,32.5349,-86.6427
39147,41.1239,-83.1277
27025,45.5025,-92.9083
50027,43.5800,-72.5862
51031,37.2053,-79.0966
28109,30.7688,-89.5896
47031,35.4906,-86.0748
29213,36.6548,-93.0411
48467,32.5637,-95.8365
40051,35.0169,-97.8841
37189,36.2311,-81.6964
32510,39.1512,-119.7474
1033,34.7005,-87.8049
20169,38.7838,-97.6500
8037,39.6278,-106.6954
21209,38.2915,-84.5839
23009,44.6642,-68.3586
32019,39.0203,-119.1891
51191,36.7244,-81.9598
6109,38.0276,-119.9548
37093,35.0175,-79.2373
49003,41.5210,-113.0821
48401,32.1077,-94.7619
22099,30.1291,-91.6083
29101,38.7441,-93.8064
47089,36.0510,-83.4463
36035,43.1138,-74.4222
28071,34.3567,-89.4849
4007,33.7997,-110.8117
17007,42.3231,-88.8234
39005,40.8460,-82.2707
51660,38.4361,-78.8735
13039,30.9306,-81.6700
47145,35.8479,-84.5232
47107,35.4248,-84.6175
21113,37.8721,-84.5809
26157,43.4645,-83.4169
22089,29.9055,-90.3582
47043,36.1490,-87.3567
37065,35.9129,-77.5971
29169,37.8246,-92.2076
47105,35.7348,-84.3118
32007,41.1458,-115.3577
48073,31.8370,-95.1652
40147,36.7152,-95.9044
1071,34.7795,-85.9994
48265,30.0615,-99.3500
48473,30.0108,-95.9877
42121,41.4010,-79.7580
24047,38.2128,-75.3340
55043,42.8675,-90.7062
1031,31.4027,-85.9882
26027,41.9154,-85.9935
39037,40.1333,-84.6194
42127,41.6487,-75.3033
41009,45.9438,-123.0883
17029,39.5203,-88.2218
51089,36.6828,-79.8740
55135,44.4705,-88.9648
49021,37.8592,-113.2895
37083,36.2575,-77.6517
51047,38.4860,-77.9558
17141,42.0426,-89.3207
22101,29.7047,-91.4432
27169,43.9869,-91.7792
17063,41.2851,-88.4185
21073,38.2392,-84.8771
23025,45.5139,-69.9589
17095,40.9318,-90.2132
36033,44.5929,-74.3038
19181,41.3344,-93.5614
48325,29.3557,-99.1102
40079,34.9003,-94.7034
55015,44.0816,-88.2181
35009,34.5742,-103.3470
22115,31.1083,-93.1842
24035,39.0680,-76.0203
48277,33.6673,-95.5712
48013,28.8935,-98.5272
28105,33.4250,-88.8793
18029,39.1452,-84.9732
36057,42.9023,-74.4397
1045,31.4318,-85.6110
17073,41.3531,-90.1314
53075,46.9012,-117.5230
47053,35.9966,-88.9326
31019,40.8552,-99.0750
48493,29.1740,-98.0866
50011,44.8575,-72.9120
48349,32.0469,-96.4725
48465,29.8929,-101.1517
48373,30.7927,-94.8300
44001,41.7173,-71.2840
39149,40.3316,-84.2048
36107,42.1703,-76.3063
5035,35.2079,-90.3089
40021,35.9067,-94.9997
41041,44.6420,-123.8682
26123,43.5542,-85.8009
42009,40.0065,-78.4903
40019,34.2509,-97.2858
47003,35.5138,-86.4589
18065,39.9311,-85.3964
33003,43.8738,-71.2031
32005,38.9122,-119.6164
12063,30.7954,-85.2155
36017,42.4935,-75.6116
36023,42.5950,-76.0703
21019,38.3596,-82.6878
18113,41.3986,-85.4175
36039,42.2765,-74.1227
56005,44.2482,-105.5482
13175,32.4637,-82.9222
21211,38.2155,-85.1948
8043,38.4730,-105.4397
22061,32.6016,-92.6648
40113,36.6292,-96.3985
37013,35.4940,-76.8598
51540,38.0375,-78.4855
28045,30.4160,-89.4885
19045,41.8980,-90.5320
36003,42.2574,-78.0276
40083,35.9193,-97.4433
48053,30.7883,-98.1824
28149,32.3573,-90.8520
4023,31.5259,-110.8465
18099,41.3248,-86.2618
40013,33.9623,-96.2598
22117,30.8533,-90.0405
27007,47.9738,-94.9377
42087,40.6104,-77.6170
22087,29.8693,-89.5552
27049,44.4097,-92.7229
47123,35.4427,-84.2527
28151,33.2838,-90.9475
42099,40.3984,-77.2623
45025,34.6398,-80.1587
12039,30.5795,-84.6136
53037,47.1244,-120.6799
16011,43.2166,-112.3981
21101,37.7958,-87.5730
37169,36.4019,-80.2395
55081,43.9457,-90.6178
26059,41.8878,-84.5929
39011,40.5609,-84.2217
21179,37.8052,-85.4660
18093,38.8412,-86.4835
6009,38.2046,-120.5541
13071,31.1884,-83.7688
29029,38.0270,-92.7660
17117,39.2610,-89.9245
42061,40.4170,-77.9812
21107,37.3088,-87.5408
39091,40.3885,-83.7658
55005,45.4237,-91.8483
37111,35.6817,-82.0493
27061,47.5095,-93.6320
13009,33.0692,-83.2496
42119,40.9630,-77.0622
17177,42.3518,-89.6623
37153,35.0059,-79.7478
36025,42.1981,-74.9665
5055,36.1176,-90.5590
29027,38.8355,-91.9260
55033,44.9466,-91.8964
53065,48.3991,-117.8552
13275,30.8638,-83.9193
29161,37.8772,-91.7923
13137,34.6310,-83.5311
37181,36.3649,-78.4079
18145,39.5237,-85.7917
40071,36.8180,-97.1439
32023,38.0423,-116.4719
48499,32.7864,-95.3821
40121,34.9239,-95.7484
39097,39.8940,-83.4002
1021,32.8479,-86.7188
12121,30.1956,-82.9915
18071,38.9064,-86.0375
39075,40.5612,-81.9293
21009,36.9656,-85.9337
42065,41.1282,-78.9994
48259,29.9447,-98.7116
40137,34.4856,-97.8515
16017,48.3000,-116.6011
54019,38.0288,-81.0812
5091,33.3121,-93.8916
39015,38.9340,-83.8674
56037,41.6595,-108.8796
26023,41.9161,-85.0590
6093,41.5927,-122.5404
55095,45.4614,-92.4414
47099,35.2173,-87.3956
55031,46.4329,-91.9162
26107,43.6408,-85.3246
22095,30.1265,-90.4709
51171,38.8583,-78.5708
33019,43.3614,-72.2222
13069,31.5493,-82.8492
39071,39.1847,-83.6010
37099,35.2875,-83.1408
18033,41.3976,-84.9991
19139,41.4839,-91.1127
27067,45.1524,-95.0047
19033,43.0816,-93.2608
50025,42.9906,-72.7138
29023,36.7164,-90.4066
18037,38.3643,-86.8798
30081,46.0817,-114.1207
40041,36.4082,-94.8026
29159,38.7283,-93.2851
37059,35.9291,-80.5445
39051,41.6018,-84.1301
48055,29.8371,-97.6200
54069,40.0969,-80.6189
5093,35.7638,-90.0542
53017,47.7361,-119.6918
55093,44.7194,-92.4224
39027,39.4150,-83.8084
13233,34.0018,-85.1881
53047,48.5488,-119.7408
48143,32.2363,-98.2179
39033,40.8508,-82.9198
47051,35.1550,-86.0922
40135,35.4954,-94.7552
8085,38.4022,-108.2693
51185,37.1250,-81.5606
48481,29.2779,-96.2221
5005,36.2872,-92.3370
42083,41.8077,-78.5690
48071,29.7386,-94.6110
26151,43.4236,-82.8201
51683,38.7479,-77.4839
12093,27.3864,-80.8886
49043,40.8682,-110.9557
39135,39.7415,-84.6480
51590,36.5831,-79.4087
40097,36.3019,-95.2308
48459,32.7363,-94.9415
48249,27.7314,-98.0899
42115,41.8214,-75.8007
42117,41.7722,-77.2543
26057,43.2927,-84.6049
36073,43.2521,-78.2312
55115,44.7892,-88.7654
39107,40.5399,-84.6294
12051,26.5535,-81.1659
47177,35.6787,-85.7785
22009,31.0762,-92.0014
39123,41.5381,-83.1409
1123,32.8624,-85.7975
13277,31.4574,-83.5266
42109,40.7698,-77.0702
12075,29.3184,-82.7436
55075,45.3830,-88.0334
36121,42.7024,-78.2245
54099,38.1459,-82.4270
16069,46.3268,-116.7502
47021,36.2611,-87.0867
47047,35.1971,-89.4144
27009,45.6991,-93.9988
29091,36.7740,-91.8865
48097,33.6393,-97.2126
19127,42.0358,-92.9988
18061,38.1952,-86.1113
56013,43.0405,-108.6305
27099,43.6714,-92.7525
47013,36.4035,-84.1494
23013,44.1410,-69.1686
42123,41.8145,-79.2741
13213,34.7884,-84.7481
23027,44.5028,-69.1454
28113,31.1749,-90.4042
37139,36.2955,-76.2840
16057,46.8162,-116.7117
51187,38.9087,-78.2085
5139,33.1713,-92.5972
27059,45.5615,-93.2951
19057,40.9232,-91.1815
37145,36.3900,-78.9718
40087,35.0093,-97.4443
22119,32.7135,-93.3350
18087,41.6426,-85.4265
35039,36.5096,-106.6931
1047,32.3260,-87.1065
39059,40.0520,-81.4943
41007,45.9951,-123.6558
16065,43.7841,-111.6592
20037,37.5073,-94.8518
17055,37.9923,-88.9242
46013,45.5898,-98.3516
42035,41.2341,-77.6382
39021,40.1377,-83.7695
21035,36.6210,-88.2722
22069,31.7235,-93.0962
40111,35.6466,-95.9643
42031,41.1924,-79.4210
17203,40.7882,-89.2111
29225,37.2809,-92.8759
29201,37.0530,-89.5685
51195,36.9752,-82.6212
6005,38.4464,-120.6511
56001,41.6545,-105.7238
40123,34.7281,-96.6844
18107,40.0404,-86.8933
29109,37.1064,-93.8330
45071,34.2898,-81.6001
39039,41.3239,-84.4905
13219,33.8350,-83.4371
51149,37.1865,-77.2242
4009,32.9326,-109.8875
17081,38.3005,-88.9240
18017,40.7615,-86.3460
48049,31.7743,-98.9998
17121,38.6496,-88.9190
55083,45.0262,-88.2692
17027,38.6065,-89.4225
26033,46.3053,-84.5777
37197,36.1605,-80.6652
45029,32.8636,-80.6669
27041,45.9337,-95.4535
36031,44.1172,-73.7726
5063,35.7415,-91.5697
47045,36.0591,-89.4138
18133,39.6663,-86.8450
5009,36.3086,-93.0915
21083,36.7231,-88.6512
51073,37.4160,-76.5434
37003,35.9210,-81.1770
1039,31.2485,-86.4513
24041,38.7713,-76.0971
28003,34.8808,-88.5803
18083,38.6891,-87.4180
13029,32.0145,-81.4436
1053,31.1261,-87.1616
22011,30.6484,-93.3434
19099,41.6860,-93.0538
12027,27.1864,-81.8095
55045,42.6800,-89.6022
50001,44.0309,-73.1408
42059,39.8538,-80.2229
39171,41.5603,-84.5882
48321,28.8212,-96.0110
20055,38.0443,-100.7370
27147,44.0223,-93.2260
31053,41.5779,-96.6540
51093,36.8913,-76.7258
39031,40.3017,-81.9200
19187,42.4279,-94.1818
48223,33.1496,-95.5640
21071,37.5571,-82.7457
18069,40.8292,-85.4881
48227,32.3062,-101.4356
37055,35.7795,-75.7980
21235,36.7581,-84.1452
49047,40.1248,-109.5186
31157,41.8506,-103.7080
26061,46.8978,-88.6874
51109,37.9782,-77.9629
17105,40.8916,-88.5577
26041,45.9191,-86.9242
39127,39.7371,-82.2361
51137,38.2462,-78.0137
21049,37.9708,-84.1474
27085,44.8236,-94.2724
18103,40.7695,-86.0450
50003,43.0354,-73.0930
48217,31.9907,-97.1324
28095,33.8923,-88.4805
27017,46.5924,-92.6770
28093,34.7623,-89.5031
13299,31.0538,-82.4237
21089,38.5457,-82.9223
47029,35.9254,-83.1212
29105,37.6583,-92.5903
29009,36.7099,-93.8291
48241,30.7440,-94.0251
23023,43.9598,-69.8546
55085,45.7056,-89.5218
18001,40.7457,-84.9366
20035,37.2377,-96.8375
31111,41.0477,-100.7453
38105,48.3437,-103.4802
48477,30.2145,-96.4034
54025,37.9470,-80.4530
19179,41.0306,-92.4095
17057,40.4728,-90.2075
31119,41.9167,-97.6008
37165,34.8409,-79.4804
39117,40.5241,-82.7941
40081,35.7030,-96.8809
19167,43.0826,-96.1779
37113,35.1505,-83.4221
30093,45.9024,-112.6567
46011,44.3697,-96.7905
55019,44.7347,-90.6121
51083,36.7669,-78.9366
48147,33.5938,-96.1069
20079,38.0432,-97.4272
18151,41.6439,-85.0009
29219,38.7646,-91.1607
36099,42.7811,-76.8238
17103,41.7461,-89.3003
28085,31.5324,-90.4540
17137,39.7156,-90.2015
19111,40.6420,-91.4793
23015,44.0664,-69.5435
28107,34.3639,-89.9506
51155,37.0636,-80.7144
20057,37.6917,-99.8880
17133,38.2784,-90.1773
17049,39.0598,-88.5899
13145,32.7360,-84.9089
20061,39.0024,-96.7525
27005,46.9347,-95.6740
45027,33.6658,-80.2164
27103,44.3499,-94.2474
47103,35.1405,-86.5890
39137,41.0221,-84.1317
48189,34.0705,-101.8269
37175,35.2021,-82.7982
18183,41.1394,-85.5051
54077,39.4693,-79.6682
1017,32.9143,-85.3920
18051,38.3119,-87.5846
5059,34.3176,-92.9460
22039,30.7290,-92.4059
47183,36.2983,-88.7178
18073,41.0230,-87.1161
20121,38.5635,-94.8381
37017,34.6146,-78.5636
51023,37.5571,-79.8123
1109,31.8027,-85.9409
26165,44.3383,-85.5784
20111,38.4562,-96.1526
31141,41.5713,-97.5211
19125,41.3344,-93.0994
54045,37.8315,-81.9353
17011,41.4041,-89.5287
18027,38.7024,-87.0720
26047,45.5210,-84.8908
27097,46.0126,-94.2684
1079,34.5217,-87.3110
24011,38.8717,-75.8316
40089,34.1154,-94.7713
47117,35.4689,-86.7650
17021,39.5458,-89.2773
22047,30.2585,-91.3493
35055,36.5783,-105.6310
47143,35.6087,-84.9244
51001,37.7643,-75.6333
48449,33.2166,-94.9657
48025,28.4174,-97.7412
29107,39.0656,-93.7855
20125,37.1925,-95.7429
39079,39.0196,-82.6184
13187,34.5722,-84.0027
12129,30.1673,-84.4007
45023,34.6920,-81.1595
17157,38.0521,-89.8252
47079,36.3318,-88.3013
18023,40.3017,-86.4751
2110,58.4546,-134.1739
18077,38.7858,-85.4385
18055,39.0364,-86.9620
24019,38.4829,-76.0125
28011,33.7956,-90.8804
51009,37.6048,-79.1452
29167,37.6165,-93.4005
33007,44.6896,-71.3056
47025,36.4859,-83.6604
49051,40.3308,-111.1682
28115,34.2254,-89.0374
29209,36.7469,-93.4560
31001,40.5245,-98.5012
27119,47.7739,-96.4019
23029,45.0306,-67.6288
1059,34.4417,-87.8437
40115,36.8355,-94.8104
22053,30.2677,-92.8141
39065,40.6616,-83.6595
18169,40.8457,-85.7940
13227,34.4643,-84.4656
21121,36.8906,-83.8540
51730,37.2043,-77.3913
26063,43.8334,-83.0232
45089,33.6199,-79.7277
45067,34.0801,-79.3625
54051,39.8606,-80.6634
53031,47.7489,-123.5952
28001,31.4829,-91.3535
36095,42.5882,-74.4421
21157,36.8834,-88.3294
38089,46.8107,-102.6551
48273,27.4337,-97.7273
21177,37.2158,-87.1420
38059,46.7161,-101.2811
6035,40.6736,-120.5943
51173,36.8438,-81.5370
51117,36.6804,-78.3627
45033,34.3915,-79.3789
26035,43.9879,-84.8478
8117,39.6342,-106.1164
55123,43.5939,-90.8344
8029,38.8614,-107.8629
17109,40.4562,-90.6779
27047,43.6738,-93.3488
13123,34.6912,-84.4556
41045,43.1934,-117.6231
51033,38.0267,-77.3471
47131,36.3582,-89.1488
42047,41.4252,-78.6491
50005,44.4647,-72.1022
56033,44.7900,-106.8793
39053,38.8247,-82.3169
13261,32.0399,-84.1970
48067,33.0775,-94.3436
29069,36.2721,-90.0909
30047,47.6459,-114.0893
23007,44.9740,-70.4440
21021,37.6244,-84.8668
1093,34.1366,-87.8871
49039,39.3739,-111.5763
51035,36.7316,-80.7339
13305,31.5514,-81.9167
48015,29.8870,-96.2779
13177,31.7796,-84.1412
55121,44.3040,-91.3585
13311,34.6464,-83.7471
54029,40.5219,-80.5739
29207,36.8556,-89.9443
28099,32.7535,-89.1176
47055,35.2021,-87.0348
27021,46.9496,-94.3254
40015,35.1744,-98.3751
24023,39.5289,-79.2729
13143,33.7942,-85.2110
27115,46.1207,-92.7413
28083,33.5505,-90.3011
13195,34.1278,-83.2090
40039,35.6388,-99.0015
56029,44.5205,-109.5879
17107,40.1245,-89.3675
26105,43.9952,-86.2500
54083,38.7748,-79.8758
50017,44.0057,-72.3768
54035,38.8345,-81.6748
51197,36.9171,-81.0787
17135,39.2310,-89.4789
51145,37.5502,-77.9152
20051,38.9147,-99.3173
45053,32.4367,-81.0315
51630,38.2992,-77.4872
39047,39.5599,-83.4561
29127,39.8059,-91.6224
13169,33.0251,-83.5605
20113,38.3917,-97.6480
28163,32.7803,-90.3964
48363,32.7532,-98.3130
47115,35.1293,-85.6220
16051,43.8201,-112.3113
26007,45.0349,-83.6258
8087,40.2626,-103.8097
28145,34.4905,-89.0039
28029,31.8693,-90.4488
51053,37.0759,-77.6323
28137,34.6503,-89.9448
18137,39.1035,-85.2624
39073,39.4971,-82.4793
28123,32.4064,-89.5376
39161,40.8554,-84.5861
27079,44.3714,-93.7301
12003,30.3311,-82.2846
21163,37.9697,-86.2170
48407,30.5795,-95.1669
46029,44.9779,-97.1886
18179,40.7292,-85.2212
39131,39.0773,-83.0668
48185,30.5435,-95.9855
47077,35.6542,-88.3880
6021,39.5982,-122.3920
37039,35.1339,-84.0635
5015,36.3410,-93.5382
51840,39.1735,-78.1746
47017,35.9732,-88.4503
21173,38.0335,-83.9131
18175,38.6000,-86.1053
40049,34.7046,-97.3093
17075,40.7473,-87.8243
39001,38.8456,-83.4720
55069,45.3374,-89.7346
35047,35.4804,-104.8158
46093,44.5668,-102.7169
18079,38.9969,-85.6280
35017,32.7389,-108.3824
6015,41.7431,-123.8972
45087,34.6893,-81.6194
55029,44.9473,-87.3135
39019,40.5796,-81.0897
42131,41.5184,-76.0166
12007,29.9499,-82.1688
22031,32.0554,-93.7372
37123,35.3325,-79.9055
39069,41.3339,-84.0682
13207,33.0139,-83.9187
54057,39.4147,-78.9438
21043,38.3182,-83.0495
13225,32.5688,-83.8269
51167,36.9339,-82.0954
12049,27.4927,-81.8100
13279,32.1216,-82.3312
45037,33.7722,-81.9664
48463,29.3573,-99.7623
21141,36.8597,-86.8789
50019,44.8288,-72.2437
35006,34.9125,-107.9997
28127,31.9132,-89.9195
37009,36.4345,-81.5005
54053,38.7697,-82.0266
47185,35.9264,-85.4552
21013,36.7306,-83.6741
45069,34.6020,-79.6786
16039,43.3540,-115.4693
21095,36.8569,-83.2180
13087,30.8783,-84.5790
21193,37.2443,-83.2215
51065,37.8419,-78.2773
36049,43.7847,-75.4488
18031,39.3070,-85.5011
55057,43.9246,-90.1138
48171,30.3180,-98.9466
20009,38.4790,-98.7565
1061,31.0951,-85.8391
26127,43.6409,-86.2676
41057,45.4637,-123.7127
5071,35.5701,-93.4599
19015,42.0365,-93.9316
37053,36.4031,-76.0059
41061,45.3102,-118.0088
21239,38.0424,-84.7436
21085,37.4608,-86.3439
13293,32.8813,-84.2993
18021,39.3928,-87.1158
51099,38.2733,-77.1572
26029,45.3022,-85.1263
28133,33.6023,-90.5886
41065,45.1600,-121.1678
22121,30.4634,-91.3127
8083,37.3386,-108.5966
47097,35.7610,-89.6315
1019,34.1759,-85.6038
5123,35.0220,-90.7478
31025,40.9097,-96.1409
27095,45.9380,-93.6301
47109,35.1755,-88.5636
13147,34.3508,-82.9642
27083,44.4135,-95.8390
13257,34.5539,-83.2935
24039,38.1158,-75.7518
8039,39.2866,-104.1360
47071,35.1987,-88.1845
29007,39.2157,-91.8416
19011,42.0802,-92.0657
22003,30.6529,-92.8279
22067,32.8202,-91.8018
29215,37.3173,-91.9650
21217,37.3665,-85.3279
18129,38.0218,-87.8685
20059,38.5645,-95.2859
46081,44.3586,-103.7923
47069,35.2068,-88.9931
26043,46.0091,-87.8702
26031,45.4465,-84.4999
13111,34.8641,-84.3198
13267,32.0458,-82.0581
29001,40.1906,-92.6007
1005,31.8696,-85.3932
48419,31.7924,-94.1450
50015,44.6058,-72.6414
51775,37.2864,-80.0555
26051,43.9907,-84.3883
28117,34.6183,-88.5201
29131,38.2145,-92.4284
26069,44.3558,-83.6359
27015,44.2421,-94.7276
48149,29.8768,-96.9198
5023,35.5381,-92.0267
54067,38.2917,-80.7994
8107,40.4851,-106.9913
19149,42.7378,-96.2141
40065,34.5880,-99.4148
36123,42.6334,-77.1055
28091,31.2308,-89.8224
21081,38.6488,-84.6246
18135,40.1576,-85.0114
37007,34.9738,-80.1027
29175,39.4401,-92.4971
19017,42.7746,-92.3181
29221,37.9617,-90.8774
40133,35.1675,-96.6155
13131,30.8747,-84.2344
47081,35.8032,-87.4733
13055,34.4750,-85.3453
48331,30.7863,-96.9768
12133,30.6106,-85.6653
45001,34.2226,-82.4592
42067,40.5311,-77.4022
13085,34.4443,-84.1706
8119,38.8822,-105.1618
21205,38.1963,-83.4211
54097,38.8978,-80.2334
27153,46.0706,-94.8976
26137,45.0214,-84.5990
21137,37.4554,-84.6608
48007,28.1249,-96.9934
26101,44.3330,-86.0568
51790,38.1593,-79.0611
54059,37.7264,-82.1347
32001,39.5809,-118.3358
55137,44.1131,-89.2429
29055,37.9764,-91.3039
18181,40.7498,-86.8655
1025,31.6767,-87.8308
13035,33.2879,-83.9572
35029,32.1822,-107.7498
21183,37.4782,-86.8489
37091,36.3591,-76.9820
17165,37.7531,-88.5407
22085,31.5640,-93.5546
51105,36.7054,-83.1286
28039,30.8626,-88.6440
5111,35.5740,-90.6630
26143,44.3356,-84.6116
20149,39.3790,-96.3424
47111,36.5320,-86.0073
5103,33.5934,-92.8819
51139,38.6194,-78.4844
1133,34.1492,-87.3737
5027,33.2143,-93.2273
18143,38.6851,-85.7475
31047,40.8699,-99.8196
16053,42.6899,-114.2639
16031,42.2839,-113.6001
55049,43.0005,-90.1354
41031,44.6294,-121.1762
51600,38.8531,-77.2998
28057,34.2800,-88.3613
48293,31.5455,-96.5805
22075,29.4405,-89.6097
48365,32.1624,-94.3056
54027,39.3171,-78.6141
26133,43.9898,-85.3253
13291,34.8341,-83.9907
56039,43.9347,-110.5898
16075,44.0067,-116.7608
28027,34.2292,-90.6027
41027,45.5190,-121.6510
26009,44.9991,-85.1402
18041,39.6400,-85.1788
20191,37.2373,-97.4765
27093,45.1231,-94.5273
47057,36.2763,-83.5096
39105,39.0822,-82.0229
26109,45.5800,-87.5566
48219,33.6076,-102.3432
41013,44.1422,-120.3566
29195,39.1368,-93.2018
48225,31.3177,-95.4227
18149,41.2809,-86.6476
51147,37.2243,-78.4411
29177,39.3524,-93.9899
51075,37.7217,-77.9160
37117,35.8432,-77.1092
28079,32.7535,-89.5240
29119,36.6287,-94.3483
18047,39.4149,-85.0602
13119,34.3754,-83.2292
46135,43.0090,-97.3948
13081,31.9229,-83.7681
37033,36.3932,-79.3335
41015,42.4576,-124.1568
1111,33.2938,-85.4591
21115,37.8466,-82.8315
51163,37.8145,-79.4473
45039,34.3951,-81.1212
13107,32.5897,-82.3017
13033,33.0611,-82.0009
1007,32.9986,-87.1265
22007,29.9008,-91.0626
54009,40.2739,-80.5765
51670,37.2915,-77.2985
53003,46.1918,-117.2030
48179,35.4012,-100.8126
21005,38.0039,-84.9910
5019,34.0510,-93.1764
8075,40.7247,-103.1101
16013,43.4119,-113.9802
54005,38.0230,-81.7112
29147,40.3607,-94.8834
22111,32.8318,-92.3748
20175,37.1933,-100.8513
22043,31.5997,-92.5595
21133,37.1212,-82.8553
40009,35.2687,-99.6820
13205,31.2253,-84.1943
40001,35.8839,-94.6587
48019,29.7472,-99.2463
19123,41.3352,-92.6409
51820,38.0674,-78.9014
19183,41.3356,-91.7179
47133,36.3450,-85.2881
28139,34.7684,-88.9089
22077,30.7094,-91.6008
39175,40.8424,-83.3044
47151,36.4285,-84.5035
17083,39.0855,-90.3565
51169,36.7143,-82.6029
12123,30.0470,-83.6035
5057,33.7353,-93.6685
51027,37.2666,-82.0360
55125,46.0529,-89.5148
17173,39.3911,-88.8055
29083,38.3852,-93.7928
27105,43.6742,-95.7534
53039,45.8738,-120.7891
13237,33.3218,-83.3728
53049,46.5557,-123.7041
51127,37.5052,-76.9973
48057,28.5067,-96.6020
5083,35.2153,-93.7162
26089,44.9386,-85.8118
31067,40.2619,-96.6894
21167,37.8110,-84.8745
48489,26.4696,-97.6611
17085,42.3658,-90.2125
17051,39.0002,-89.0241
47129,36.1350,-84.6492
27157,44.2843,-92.2303
48457,30.7712,-94.3766
37115,35.8580,-82.7058
5149,35.0026,-93.4112
13189,33.4829,-82.4814
6011,39.1775,-122.2370
48341,35.8377,-101.8930
28101,32.4002,-89.1188
45011,33.2660,-81.4350
48233,35.8400,-101.3547
22093,30.0263,-90.7963
54109,37.6096,-81.5492
49041,38.7478,-111.8044
1099,31.5709,-87.3655
17145,38.0837,-89.3670
48089,29.6208,-96.5263
31155,41.2264,-96.6374
19019,42.4708,-91.8379
13199,33.0407,-84.6883
28043,33.7699,-89.8019
48299,30.7057,-98.6841
37079,35.4850,-77.6758
27057,47.1086,-94.9166
38093,46.9793,-98.9588
27045,43.6740,-92.0902
21003,36.7513,-86.1904
26129,44.3350,-84.1264
48281,31.1962,-98.2415
5029,35.2622,-92.7013
54043,38.1753,-82.0704
18075,40.4380,-85.0057
18119,39.3128,-86.8377
13091,32.1722,-83.1684
40139,36.7479,-101.4901
4012,33.7294,-113.9816
48177,29.4567,-97.4925
18153,39.0888,-87.4147
40153,36.4227,-99.2651
48165,32.7408,-102.6352
16067,42.8543,-113.6375
27039,44.0226,-92.8620
29217,37.8506,-94.3424
19105,42.1212,-91.1315
37149,35.2793,-82.1697
21231,36.8013,-84.8286
55053,44.3192,-90.8052
29049,39.6018,-94.4046
13321,31.5515,-83.8509
56041,41.2876,-110.5476
18147,38.0141,-87.0077
13303,32.9695,-82.7959
55061,44.5161,-87.6153
28153,31.6408,-88.6958
21051,37.1597,-83.7147
31177,41.5311,-96.2220
22083,32.4178,-91.7635
48123,29.0821,-97.3567
55119,45.2116,-90.5012
49007,39.6481,-110.5887
45081,34.0061,-81.7269
19027,42.0362,-94.8606
29141,38.4237,-92.8860
5003,33.1912,-91.7685
19191,43.2906,-91.8437
1107,33.2808,-88.0888
22041,32.1332,-91.6738
20021,37.1693,-94.8463
21027,37.7734,-86.4293
31043,42.3911,-96.5646
49013,40.2982,-110.4252
20099,37.1913,-95.2976
18049,41.0470,-86.2635
55001,43.9695,-89.7704
5113,34.4859,-94.2281
18015,40.5828,-86.5635
19021,42.7355,-95.1511
21017,38.2067,-84.2172
48285,29.3843,-96.9301
37131,36.4178,-77.3969
48253,32.7399,-99.8788
19087,40.9880,-91.5445
37185,36.3965,-78.1067
48163,28.8678,-99.1082
46035,43.6747,-98.1460
27091,43.6743,-94.5512
47041,35.9799,-85.8328
1013,31.7524,-86.6803
19065,42.8626,-91.8444
22029,31.4459,-91.6401
47159,36.2505,-85.9567
40091,35.3736,-95.6668
48161,31.7049,-96.1491
28025,33.6557,-88.7815
17041,39.7694,-88.2174
53001,46.9834,-118.5606
45049,32.7763,-81.1407
8015,38.7470,-106.1941
18117,38.5418,-86.4950
30053,48.5424,-115.4051
24029,39.2545,-76.0399
51079,38.2976,-78.4669
48337,33.6757,-97.7246
47173,36.2879,-83.8375
35027,33.7453,-105.4593
28141,34.7404,-88.2393
12059,30.8679,-85.8140
19097,42.1717,-90.5743
37015,36.0662,-76.9787
22037,30.8451,-91.0455
1091,32.2477,-87.7895
56023,42.2639,-110.6560
13229,31.3588,-82.2128
21155,37.5525,-85.2696
21001,37.1042,-85.2806
29157,37.7072,-89.8244
13105,34.1168,-82.8401
13019,31.2760,-83.2296
55067,45.2624,-89.0719
29015,38.2948,-93.2879
18123,38.0796,-86.6380
28031,31.6332,-89.5526
17033,39.0027,-87.7596
20087,39.2358,-95.3834
35041,34.0212,-103.4800
20041,38.8665,-97.1527
39125,41.1166,-84.5802
13025,31.1969,-81.9819
55047,43.8004,-89.0449
27161,44.0221,-93.5873
48117,34.9660,-102.6050
21099,37.2999,-85.8847
21097,38.4418,-84.3314
1087,32.3859,-85.6927
13011,34.3541,-83.4974
13183,31.7526,-81.7457
21215,38.0325,-85.3278
13171,33.0765,-84.1395
54047,37.3785,-81.6536
6063,40.0046,-120.8385
27055,43.6714,-91.4929
35028,35.8694,-106.3074
5107,34.4283,-90.8480
13211,33.5909,-83.4923
12079,30.4441,-83.4701
19031,41.7723,-91.1324
29163,39.3438,-91.1714
13001,31.7492,-82.2889
28007,33.0863,-89.5815
47085,36.0408,-87.7756
5043,33.5895,-91.7200
19157,41.6864,-92.5315
46005,44.4145,-98.2781
13231,33.0923,-84.3892
48035,31.9004,-97.6343
8089,37.9026,-103.7165
28131,30.7900,-89.1177
48133,32.3271,-98.8323
42093,41.0279,-76.6586
28159,33.0885,-89.0344
47049,36.3805,-84.9324
29229,37.2702,-92.4687
21213,36.7420,-86.5822
19101,41.0318,-91.9489
2050,60.9132,-159.8180
5053,34.2900,-92.4236
48051,30.4925,-96.6214
48503,33.1766,-98.6878
48003,32.3050,-102.6377
17067,40.4037,-91.1647
6027,36.5111,-117.4107
12041,29.7258,-82.8004
8097,39.2171,-106.9166
36097,42.3938,-76.8752
5001,34.2908,-91.3749
51175,36.7204,-77.1061
8093,39.1193,-105.7171
29186,37.8944,-90.1945
47171,36.1107,-82.4323
21207,36.9911,-85.0587
37199,35.8989,-82.3076
47091,36.4549,-81.8518
51193,38.1119,-76.8041
51141,36.6783,-80.2844
5047,35.5123,-93.8906
28051,33.1235,-90.0921
54065,39.5604,-78.2578
5121,36.3415,-91.0277
51750,37.1229,-80.5587
29053,38.8435,-92.8101
19043,42.8447,-91.3414
47075,35.5832,-89.2838
26019,44.6387,-86.0155
46065,44.3890,-99.9960
26079,44.6847,-85.0902
29143,36.5946,-89.6517
37011,36.0765,-81.9226
29003,39.9835,-94.8021
21147,36.7371,-84.4842
55103,43.3756,-90.4295
21079,37.6396,-84.5377
51570,37.2650,-77.3969
6043,37.5815,-119.9054
17045,39.6786,-87.7456
45061,34.1633,-80.2545
13133,33.5788,-83.1667
16045,44.0616,-116.3975
25007,41.3961,-70.6501
48145,31.2533,-96.9359
48289,31.2965,-95.9957
28017,33.9208,-88.9479
47023,35.4217,-88.6135
19055,42.4712,-91.3673
13075,31.1540,-83.4305
31159,40.8724,-97.1395
17187,40.8488,-90.6150
5135,36.1612,-91.4799
1067,31.5147,-85.2414
19059,43.3779,-95.1509
21161,38.5952,-83.8241
48415,32.7463,-100.9164
5133,33.9972,-94.2412
19083,42.3839,-93.2404
51029,37.5722,-78.5288
48287,30.3107,-96.9657
19047,42.0372,-95.3820
13017,31.7598,-83.2205
19171,42.0798,-92.5326
5067,35.5992,-91.2145
48395,31.0271,-96.5128
51685,38.7719,-77.4450
17181,37.4713,-89.2551
18121,39.7736,-87.2064
51520,36.6180,-82.1606
54091,39.3360,-80.0462
35053,34.0072,-106.9302
23021,45.8373,-69.2846
32013,41.4068,-118.1120
5037,35.2957,-90.7712
21203,37.3651,-84.3160
47139,35.1199,-84.5233
42105,41.7449,-77.8958
8051,38.6668,-107.0316
53055,48.5782,-122.9650
51071,37.3142,-80.7029
55065,42.6605,-90.1317
47181,35.2399,-87.7881
51101,37.7066,-77.0886
29155,36.2114,-89.7854
13241,34.8817,-83.4021
5141,35.5806,-92.5157
18139,39.6200,-85.4658
54001,39.1330,-80.0030
29059,37.6804,-93.0237
12029,29.6082,-83.1588
17005,38.8868,-89.4356
5075,36.0412,-91.1071
1129,31.4076,-88.2078
51025,36.7648,-77.8590
40095,34.0245,-96.7691
28061,32.0191,-89.1188
1057,33.7212,-87.7389
5089,36.2684,-92.6842
30041,48.6282,-110.1112
18045,40.1209,-87.2420
40117,36.3169,-96.6992
16049,45.8441,-115.4675
17191,38.4296,-88.4256
17147,40.0103,-88.5911
55113,45.8800,-91.1445
30067,45.4884,-110.5267
29013,38.2573,-94.3400
20005,39.5318,-95.3135
38077,46.2646,-96.9483
55023,43.2395,-90.9310
19041,43.0826,-95.1509
5087,36.0110,-93.7245
13083,34.8546,-85.5045
19095,41.6863,-92.0655
54041,38.9959,-80.5022
47005,36.0698,-88.0683
20133,37.5585,-95.3068
8003,37.5729,-105.7883
27065,45.9452,-93.2934
29135,38.6328,-92.5831
13271,31.9298,-82.9390
17101,38.7200,-87.7268
41001,44.7092,-117.6753
19121,41.3307,-94.0155
28129,32.0177,-89.5067
22027,32.8226,-92.9958
31131,40.6485,-96.1348
17039,40.1746,-88.9041
21103,38.4485,-85.1189
21045,37.3223,-84.9283
20139,38.6523,-95.7269
22049,32.3021,-92.5578
27001,46.6082,-93.4154
48371,30.7810,-102.7235
19067,43.0599,-92.7890
28023,32.0414,-88.6894
17159,38.7124,-88.0851
51077,36.6566,-81.2248
17023,39.3336,-87.7877
51011,37.3723,-78.8126
51063,36.9316,-80.3625
40073,35.9454,-97.9421
55129,45.8992,-91.7912
17149,39.6225,-90.8863
21127,38.0679,-82.7348
13163,33.0549,-82.4182
55003,46.3161,-90.6779
13027,30.8420,-83.5802
17131,41.2053,-90.7414
12045,29.9555,-85.2266
29065,37.6066,-91.5079
48255,28.9057,-97.8594
18165,39.8538,-87.4640
35057,34.6405,-105.8508
48389,31.3230,-103.6930
54103,39.6053,-80.6391
51135,37.1430,-78.0513
22125,30.8798,-91.4200
46127,42.8326,-96.6560
27135,48.7751,-95.8108
55077,43.8196,-89.3987
8049,40.1026,-106.1183
12125,30.0439,-82.3714
49037,37.6260,-109.8045
55013,45.8627,-92.3676
19145,40.7391,-95.1502
27127,44.4037,-95.2538
21119,37.3540,-82.9541
56007,41.6944,-106.9307
39067,40.2938,-81.0911
29121,39.8308,-92.5646
18159,40.3113,-86.0519
51005,37.7878,-80.0062
16047,42.9710,-114.8115
29117,39.7821,-93.5483
26011,44.0647,-83.8940
18013,39.1962,-86.2274
26053,46.4089,-89.6944
13161,31.8056,-82.6368
19129,41.0334,-95.6213
26113,44.3374,-85.0947
37121,36.0133,-82.1636
19079,42.3838,-93.7068
55007,46.5238,-91.2008
19109,43.2042,-94.2067
22059,31.6768,-92.1605
13221,33.8807,-83.0807
51830,37.2692,-76.7076
1029,33.6745,-85.5188
48353,32.3035,-100.4060
27143,44.5795,-94.2321
5021,36.3683,-90.4175
47007,35.5964,-85.2052
51125,37.7874,-78.8868
48239,28.9542,-96.5776
47153,35.3712,-85.4106
1065,32.7627,-87.6291
40023,34.0266,-95.5522
51051,37.1258,-82.3504
29073,38.4409,-91.5079
45017,33.6749,-80.7803
27129,44.7268,-94.9471
17139,39.6415,-88.6193
39115,39.6204,-81.8527
21225,37.6585,-87.9453
19023,42.7316,-92.7902
48455,31.0888,-95.1355
20011,37.8552,-94.8493
21191,38.6956,-84.3603
21069,38.3701,-83.6967
38079,48.7724,-99.8409
42057,39.9254,-78.1127
28013,33.9365,-89.3365
28147,31.1484,-90.1061
17015,42.0687,-89.9343
21221,36.8064,-87.8734
51043,39.1123,-77.9967
39121,39.7660,-81.4556
47033,35.8135,-89.1395
40035,36.7618,-95.2085
45009,33.2148,-81.0542
12013,30.4060,-85.1972
46102,43.3355,-102.5516
12047,30.4964,-82.9479
22127,31.9443,-92.6367
6051,37.9391,-118.8868
48505,27.0008,-99.1686
31151,40.5241,-97.1409
8071,37.3158,-104.0386
37173,35.4868,-83.4928
21065,37.6924,-83.9643
17127,37.2190,-88.7077
21123,37.5458,-85.6979
48313,30.9655,-95.9284
54007,38.6999,-80.7193
27113,48.0662,-96.0367
47015,35.8087,-86.0618
13191,31.4967,-81.4085
12065,30.4375,-83.8953
28135,33.9505,-90.1732
55107,45.4751,-91.1332
51610,38.8847,-77.1751
37041,36.1508,-76.6079
19085,41.6829,-95.8168
17189,38.3522,-89.4105
29039,37.7239,-93.8566
54087,38.7140,-81.3483
18111,40.9558,-87.3976
13251,32.7506,-81.6119
46027,42.9147,-96.9756
40099,34.4823,-97.0679
39111,39.7274,-81.0829
56009,42.9723,-105.5072
13159,33.3165,-83.6880
48351,30.7863,-93.7448
26039,44.6837,-84.6103
1075,33.7791,-88.0970
17193,38.0875,-88.1796
48059,32.2976,-99.3735
1041,31.7315,-86.3135
19141,43.0838,-95.6249
40005,34.3736,-96.0378
19005,43.2843,-91.3781
54031,39.0075,-78.8579
27043,43.6739,-93.9479
2130,55.5852,-130.9288
31185,40.8727,-97.5971
13093,32.1572,-83.7988
30035,48.7051,-112.9947
27159,46.5858,-94.9694
28041,31.2142,-88.6392
17125,40.2396,-89.9168
29151,38.4604,-91.8618
29133,36.8281,-89.2911
5065,36.0949,-91.9134
29181,36.6528,-90.8638
22013,32.3472,-93.0560
48093,31.9480,-98.5582
12043,26.9564,-81.1891
16041,42.1811,-111.8132
5079,33.9575,-91.7333
2150,57.6770,-153.7806
37143,36.2058,-76.4411
47161,36.5012,-87.8384
21135,38.5316,-83.3781
55099,45.6804,-90.3614
54063,37.5604,-80.5505
30003,45.4234,-107.4898
53051,48.5323,-117.2740
40063,35.0484,-96.2502
21109,37.4198,-84.0058
47061,35.3884,-85.7226
56015,42.0879,-104.3533
1027,33.2690,-85.8606
38053,47.7402,-103.3953
5061,34.0888,-93.9935
29067,36.9326,-92.4988
13193,32.3584,-84.0425
21175,37.9223,-83.2589
17025,38.7542,-88.4902
17053,40.5972,-88.2233
20085,39.4168,-95.7937
8007,37.1935,-107.0483
29223,37.1126,-90.4614
51113,38.4137,-78.2792
17061,39.3562,-90.3905
8081,40.6184,-108.2074
55011,44.3798,-91.7545
48279,34.0686,-102.3517
19029,41.3315,-94.9278
39163,39.2510,-82.4853
21233,37.5184,-87.6832
13049,30.7817,-82.1379
16043,44.2288,-111.4819
21025,37.5216,-83.3241
51007,37.3360,-77.9761
1023,32.0198,-88.2632
48063,32.9732,-94.9785
49027,39.0732,-113.1006
51690,36.6827,-79.8636
54089,37.6559,-80.8586
48487,34.0808,-99.2410
48115,32.7426,-101.9476
13023,32.4344,-83.3279
1119,32.5911,-88.1988
21031,37.2073,-86.6816
19197,42.7331,-93.7351
46079,44.0221,-97.1294
26141,45.3402,-83.9176
21033,37.1454,-87.8679
37137,35.1435,-76.7407
6105,40.6507,-123.1126
40061,35.2248,-95.1166
28077,31.5502,-90.1070
16079,47.3529,-115.8924
18131,41.0419,-86.6988
20001,37.8857,-95.3014
48445,33.1738,-102.3352
29063,39.8932,-94.4047
27071,48.2453,-93.7834
17087,37.4597,-88.8809
17017,39.9735,-90.2474
21153,37.7065,-83.0649
5137,35.8599,-92.1567
19007,40.7432,-92.8686
28005,31.1744,-90.8044
1035,31.4292,-86.9937
18125,38.3988,-87.2322
48343,33.1135,-94.7327
28161,34.0282,-89.7077
19175,41.0277,-94.2424
21011,38.1450,-83.7427
5081,33.7005,-94.2343
13079,32.7145,-83.9863
21219,36.8357,-87.1792
17129,40.0274,-89.8022
21197,37.8311,-83.8237
19075,42.4019,-92.7914
51111,36.9462,-78.2406
5049,36.3817,-91.8182
29017,37.3222,-90.0259
51133,37.8876,-76.4197
29123,37.4780,-90.3450
48387,33.6207,-95.0503
35007,36.6061,-104.6468
48297,28.3514,-98.1248
21061,37.2088,-86.2384
29115,39.8702,-93.1072
47121,35.5128,-84.8134
51735,37.1318,-76.3569
40107,35.4655,-96.3228
51037,37.0116,-78.6616
48507,28.8662,-99.7606
47101,35.5273,-87.4931
19037,43.0601,-92.3177
21229,37.7534,-85.1748
8099,37.9552,-102.3934
18009,40.4736,-85.3248
28111,31.1720,-88.9924
20115,38.3589,-97.0969
27023,45.0224,-95.5667
37187,35.8226,-76.5775
30043,46.1485,-112.0938
51131,37.3430,-75.8770
56003,44.5267,-107.9952
26085,43.9901,-85.8016
16021,48.7669,-116.4629
12037,29.8765,-84.8140
29011,37.5023,-94.3471
19119,43.3805,-96.2102
48379,32.8703,-95.7934
53059,46.0230,-121.9147
13149,33.2970,-85.1283
30017,46.2527,-105.5717
5041,33.8333,-91.2540
47039,35.6030,-88.1088
47087,36.3592,-85.6732
30089,47.6748,-115.1333
17123,41.0332,-89.3448
49029,41.0893,-111.5732
48475,31.5095,-103.1025
21159,37.8016,-82.5132
13281,34.9167,-83.7373
54023,39.1051,-79.1956
19165,41.6851,-95.3102
38071,48.2689,-98.7201
16073,42.5815,-116.1699
37073,36.4449,-76.7005
17185,38.4461,-87.8443
51081,36.6759,-77.5596
29139,38.9415,-91.4702
48031,30.2664,-98.3999
16081,43.7594,-111.2076
51183,36.9217,-77.2618
19035,42.7356,-95.6238
28065,31.5697,-89.8230
40103,36.3886,-97.2305
22065,32.3644,-91.2426
8105,37.5825,-106.3832
41049,45.4189,-119.5844
49023,39.7027,-112.7848
27033,44.0071,-95.1812
48131,27.6814,-98.5089
40149,35.2904,-98.9922
30027,47.2636,-109.2245
13235,32.2323,-83.4760
13005,31.5537,-82.4527
30083,47.7879,-104.5614
19115,41.2185,-91.2596
30085,48.2945,-105.0164
25019,41.2831,-70.0692
26071,46.2087,-88.5305
40127,34.4162,-95.3759
40069,34.3165,-96.6606
27121,45.5860,-95.4445
22123,32.7885,-91.4568
35051,33.1305,-107.1924
37005,36.4913,-81.1279
51057,37.9434,-76.9514
21087,37.2640,-85.5531
27165,43.9784,-94.6141
31013,42.2198,-103.0857
37043,35.0572,-83.7502
5011,33.4664,-92.1624
17035,39.2734,-88.2402
31041,41.3943,-99.7261
13043,32.4034,-82.0737
19081,43.0819,-93.7343
21187,38.5197,-84.8281
26097,46.0802,-85.0868
31145,40.1758,-100.4769
1037,32.9362,-86.2477
5109,34.1635,-93.6563
38099,48.3695,-97.7213
51103,37.7345,-76.4632
48159,33.1755,-95.2184
31037,41.5740,-97.0865
16085,44.7666,-115.5663
38003,46.9361,-98.0716
28103,33.1101,-88.5697
13109,32.1568,-81.8869
18155,38.8262,-85.0370
1131,31.9893,-87.3082
51119,37.6303,-76.5697
21041,38.6678,-85.1236
19077,41.6837,-94.5011
29149,36.6867,-91.4033
21171,36.7122,-85.7165
5017,33.2672,-91.2940
19131,43.3564,-92.7890
30009,45.2274,-109.0281
53043,47.5763,-118.4187
18025,38.2924,-86.4517
27075,47.6409,-91.4457
13053,32.3470,-84.7870
37029,36.3877,-76.2064
19189,43.3775,-93.7341
48403,31.3432,-93.8517
48127,28.4225,-99.7566
48077,33.7855,-98.2085
13173,31.0379,-83.0628
5127,34.8608,-94.0633
5105,34.9474,-92.9315
26001,44.6854,-83.5937
40077,34.8760,-95.2504
40105,36.7985,-95.6174
38061,48.2013,-102.3557
13099,31.3228,-84.9037
22091,30.8220,-90.7103
46109,45.6296,-96.9461
21131,37.0941,-83.3811
48399,31.8311,-99.9762
1011,32.1005,-85.7157
29173,39.5277,-91.5220
47169,36.3921,-86.1568
46019,44.9058,-103.5079
18101,38.7080,-86.8031
46121,43.1934,-100.7185
21053,36.7274,-85.1362
19107,41.3365,-92.1786
31089,42.4557,-98.7838
29093,37.5552,-90.7735
19069,42.7325,-93.2625
48357,36.2784,-100.8157
20131,39.7834,-96.0141
49015,38.9968,-110.7006
1085,32.1547,-86.6501
28015,33.4485,-89.9202
28097,33.4940,-89.6164
40085,33.9499,-97.2441
29089,39.1425,-92.6963
16087,44.4524,-116.7847
19137,41.0302,-95.1564
21169,36.9905,-85.6292
48315,32.7980,-94.3572
8125,40.0029,-102.4242
22021,32.0923,-92.1166
29079,40.1139,-93.5653
2180,64.9111,-164.0272
28143,34.6520,-90.3755
29111,40.0969,-91.7221
27063,43.6741,-95.1540
28069,32.7546,-88.6412
56035,42.7669,-109.9147
54085,39.1783,-81.0630
13317,33.7819,-82.7432
51049,37.5121,-78.2449
27173,44.7163,-95.8684
19161,42.3862,-95.1054
2185,69.3122,-153.4810
27149,45.5861,-96.0003
28155,33.6131,-89.2848
22025,31.6661,-91.8471
20117,39.7836,-96.5229
19025,42.3852,-94.6404
48369,34.5301,-102.7845
13167,32.7015,-82.6601
32033,39.4421,-114.9016
20107,38.2123,-94.8430
20159,38.3472,-98.2010
49019,38.9820,-109.5699
20013,39.8265,-95.5642
31033,41.2198,-102.9950
37103,35.0217,-77.3552
17079,39.0101,-88.1538
38055,47.6069,-101.3218
40011,35.8752,-98.4334
19091,42.7765,-94.2072
45065,33.8996,-82.3099
4011,33.2152,-109.2402
8019,39.6891,-105.6444
30095,45.6690,-109.3952
20151,37.6477,-98.7396
19063,43.3779,-94.6784
30001,45.1327,-112.8988
29085,37.9408,-93.3207
27133,43.6747,-96.2532
27089,48.3581,-96.3685
29185,38.0372,-93.7760
48429,32.7359,-98.8362
19039,41.0290,-93.7852
27151,45.2827,-95.6814
46023,43.2079,-98.5879
31179,42.2093,-97.1193
13155,31.6022,-83.2764
1105,32.6385,-87.2944
21149,37.5292,-87.2636
26119,45.0276,-84.1272
2261,61.5620,-144.4686
21139,37.2096,-88.3537
48043,29.8119,-103.2517
19089,43.3568,-92.3172
31081,40.8730,-98.0229
29153,36.6493,-92.4447
5077,34.7806,-90.7821
27117,44.0230,-96.2586
30087,46.2297,-106.7307
26003,46.4086,-86.6040
16009,47.2176,-116.6587
30023,46.0607,-113.0679
31137,40.5111,-99.4145
28021,31.9737,-90.9118
13209,32.1734,-82.5348
40151,36.7669,-98.8651
29025,39.6557,-93.9827
45005,32.9881,-81.3583
30021,47.2664,-104.8995
13319,32.8024,-83.1712
19147,43.0821,-94.6781
21055,37.3527,-88.0972
55041,45.6673,-88.7704
31039,41.9164,-96.7874
5097,34.5388,-93.6596
19073,42.0362,-94.3968
20029,39.4803,-97.6493
19051,40.7477,-92.4097
6049,41.5898,-120.7250
40075,34.9164,-98.9809
51159,37.9434,-76.7269
28157,31.1611,-91.3109
48425,32.2223,-97.7744
48237,33.2335,-98.1725
13315,31.9729,-83.4323
27029,47.5775,-95.3790
54095,39.4653,-80.8848
31045,42.7197,-103.1354
29125,38.1616,-91.9249
13165,32.7924,-81.9635
51115,37.4354,-76.3436
29033,39.4270,-93.5052
13273,31.7770,-84.4370
21077,38.7569,-84.8593
19133,42.0516,-95.9599
21091,37.8415,-86.7779
46033,43.6776,-103.4515
48009,33.6153,-98.6877
54015,38.4625,-81.0751
20205,37.5593,-95.7434
18007,40.6063,-87.3109
16035,46.6736,-115.6567
2220,57.2401,-135.3153
12067,29.9855,-83.1811
48501,33.1730,-102.8278
29137,39.4955,-92.0007
19117,41.0294,-93.3277
56031,42.1331,-104.9659
22081,32.0931,-93.3399
54017,39.2692,-80.7070
21223,38.6130,-85.3375
48335,32.3062,-100.9211
13141,33.2704,-83.0007
37075,35.3502,-83.8335
31027,42.5993,-97.2524
29081,40.3547,-93.9920
56019,44.0388,-106.5846
38057,47.3092,-101.8315
54075,38.3318,-80.0078
13197,32.3534,-84.5247
31107,42.6368,-97.8919
26013,46.6626,-88.3652
28053,33.1287,-90.5266
54101,38.4947,-80.4219
5099,33.6640,-93.3072
12077,30.2414,-84.8829
48083,31.7732,-99.4536
48193,31.7048,-98.1107
35037,35.1043,-103.5498
1063,32.8531,-87.9522
13253,30.9388,-84.8688
21023,38.6888,-84.0901
30057,45.3007,-111.9203
46125,43.3109,-97.1487
27101,44.0222,-95.7633
29061,39.9608,-93.9855
48405,31.3942,-94.1682
28019,33.3473,-89.2484
21143,37.0191,-88.0832
20031,38.2369,-95.7341
2158,62.1550,-163.3826
26135,44.6818,-84.1298
13003,31.2971,-82.8801
18171,40.3469,-87.3533
28009,34.8173,-89.1885
13289,32.6672,-83.4271
29203,37.1574,-91.4005
5117,34.8298,-91.5528
17065,38.0815,-88.5391
47083,36.2860,-87.7170
51620,36.6831,-76.9386
5025,33.8984,-92.1852
8021,37.2007,-106.1916
13269,32.5555,-84.2505
20027,39.3497,-97.1652
31101,41.1989,-101.6613
48307,31.1989,-99.3476
8113,38.0038,-108.4057
26153,46.1966,-86.1997
54021,38.9240,-80.8571
21007,37.0585,-88.9993
31023,41.2261,-97.1318
56043,43.9050,-107.6827
38097,47.4542,-97.1616
19053,40.7377,-93.7863
47135,35.6426,-87.8589
31147,40.1250,-95.7175
13287,31.7164,-83.6241
13309,32.1171,-82.7246
5129,35.9109,-92.6996
48495,31.8500,-103.0483
13181,33.7936,-82.4512
16059,44.9433,-113.9333
41037,42.7935,-120.3874
20003,38.2142,-95.2933
5101,35.9200,-93.2179
20193,39.3509,-101.0556
19135,41.0298,-92.8690
31121,41.1690,-98.0380
8065,39.2025,-106.3448
28037,31.4772,-90.8979
2188,67.0530,-159.7210
40093,36.3116,-98.5359
20043,39.7881,-95.1468
48069,34.5299,-102.2617
16077,42.6937,-112.8407
47027,36.5511,-85.5439
29057,37.4321,-93.8503
53019,48.4703,-118.5166
48175,28.6571,-97.4264
21063,38.1179,-83.0976
49025,37.2851,-111.8878
29041,39.5151,-92.9626
54073,39.3710,-81.1606
56011,44.5885,-104.5699
30105,48.3653,-106.6674
20067,37.5623,-101.3080
8063,39.3055,-102.6030
19195,43.3774,-93.2608
48437,34.5304,-101.7350
48283,28.3451,-99.0996
40141,34.3728,-98.9242
47095,36.3352,-89.4935
16015,43.9891,-115.7304
51157,38.6848,-78.1592
20095,37.5589,-98.1363
42053,41.5130,-79.2360
46067,43.3349,-97.7544
48111,36.2779,-102.6022
54013,38.8445,-81.1176
5039,33.9698,-92.6544
41025,43.0641,-118.9680
55091,44.5829,-92.0016
48075,34.5291,-100.2076
51678,37.7825,-79.4440
28063,31.7343,-91.0373
21237,37.7393,-83.4932
41023,44.4916,-119.0073
28119,34.2514,-90.2891
31173,42.1582,-96.5440
21181,38.3356,-84.0153
19177,40.7532,-91.9500
46051,45.1719,-96.7677
48391,28.3253,-97.1657
31095,40.1757,-97.1427
31139,42.2644,-97.6013
48047,27.0316,-98.2187
18161,39.6256,-84.9251
48017,34.0686,-102.8299
22035,32.7325,-91.2351
19001,41.3307,-94.4710
5095,34.6778,-91.2039
56045,43.8404,-104.5676
51097,37.7186,-76.8953
50013,44.7968,-73.2949
51036,37.3567,-77.0622
41063,45.5799,-117.1811
54071,38.6807,-79.3509
54093,39.1136,-79.5650
48377,29.9998,-104.2405
31127,40.3877,-95.8498
13243,31.7626,-84.7542
17169,40.1580,-90.6151
16029,42.7705,-111.5623
20167,38.9148,-98.7624
38067,48.7675,-97.5518
19071,40.7456,-95.6047
22023,29.8754,-93.1938
46009,42.9885,-97.8846
19093,42.3869,-95.5135
20197,38.9533,-96.2050
21129,37.5948,-83.7162
2240,63.8763,-143.2118
38005,48.0694,-99.3660
30077,46.8564,-112.9361
17071,40.8180,-90.9251
5073,33.2409,-93.6071
19151,42.7342,-94.6787
13283,32.4039,-82.5673
29045,40.4103,-91.7384
46047,43.2394,-103.5275
27073,44.9955,-96.1735
30005,48.4327,-108.9586
21057,36.7866,-85.3885
13065,30.9150,-82.7063
8055,37.6847,-104.9606
20145,38.1813,-99.2367
17009,39.9618,-90.7504
29075,40.2121,-94.4099
32027,40.4404,-118.4044
8109,38.0805,-106.2815
47067,36.5236,-83.2219
5147,35.1863,-91.2431
31099,40.5067,-98.9480
51181,37.1098,-76.9002
27107,47.3265,-96.4553
49001,38.3570,-113.2355
51640,36.6661,-80.9176
31021,41.8515,-96.3286
46101,44.0220,-96.6709
38009,48.7922,-100.8333
51530,37.7319,-79.3569
46115,44.9380,-98.3462
17047,38.4165,-88.0533
21165,37.9414,-83.5989
19185,40.7395,-93.3274
31093,41.2201,-98.5171
2198,55.7997,-133.0192
51021,37.1340,-81.1302
8103,39.9798,-108.2171
47127,35.2846,-86.3587
13037,31.5292,-84.6245
31003,42.1769,-98.0667
26095,46.4707,-85.5444
13263,32.6995,-84.5330
13259,32.0785,-84.8352
27167,46.3571,-96.4683
29179,37.3623,-90.9691
17003,37.1915,-89.3375
29211,40.2106,-93.1115
20053,38.6966,-98.2047
31035,40.5244,-98.0513
50009,44.7280,-71.7362
19173,40.7374,-94.6964
40067,34.1110,-97.8358
29035,36.9412,-90.9623
20123,39.3933,-98.2094
42113,41.4462,-76.5122
21075,36.5540,-89.1873
30099,47.8371,-112.2409
20073,37.8778,-96.2326
48169,33.1799,-101.2985
19143,43.3786,-95.6237
20069,37.7382,-100.4379
46057,44.6738,-97.1883
8047,39.8575,-105.5226
29205,39.7978,-92.0766
48065,35.4035,-101.3542
16007,42.2848,-111.3297
30073,48.2277,-112.2263
48411,31.1552,-98.8176
31167,41.9169,-97.1939
30007,46.3324,-111.4955
20181,39.3514,-101.7200
27051,45.9341,-96.0122
38049,48.2346,-100.6363
26131,46.6645,-89.3149
18115,38.9501,-84.9651
40055,34.9357,-99.5608
40033,34.2902,-98.3722
40003,36.7311,-98.3240
48107,33.6147,-101.3000
46041,45.1566,-100.8718
48305,33.1768,-101.8161
20143,39.1325,-97.6502
48153,34.0724,-101.3032
54105,39.0224,-81.3787
13201,31.1640,-84.7308
8011,37.9551,-103.0717
31031,42.5450,-101.1186
47175,35.6960,-85.4526
8025,38.3266,-103.7845
30015,47.8806,-110.4352
48207,33.1782,-99.7303
17155,41.2045,-89.2858
31051,42.4932,-96.8678
2016,52.7980,-106.6061
55051,46.2623,-90.2421
27081,44.4126,-96.2671
48205,35.8400,-102.6029
48317,32.3060,-101.9513
32015,39.9337,-117.0380
20189,37.1923,-101.3121
51580,37.7785,-79.9868
20077,37.1916,-98.0755
8073,38.9881,-103.5140
40029,34.5882,-96.2978
19009,41.6846,-94.9058
20127,38.6874,-96.6499
46087,43.6743,-97.3685
31059,40.5247,-97.5965
48195,36.2774,-101.3546
17153,37.2230,-89.1266
27087,47.3253,-95.8090
20201,39.7842,-97.0875
46037,45.3671,-97.6074
46123,43.3459,-99.8840
46129,45.4299,-100.0315
17175,41.0934,-89.7975
20137,39.7844,-99.9035
51595,36.6953,-77.5356
2290,65.5086,-151.3896
40007,36.7496,-100.4768
27031,47.9026,-90.5346
16063,43.0024,-114.1383
20147,39.7846,-99.3470
48483,35.4012,-100.2698
38073,46.4562,-97.6574
13301,33.4089,-82.6768
31011,41.7068,-98.0672
46015,43.7181,-99.0809
48119,33.3863,-95.6724
48247,27.0434,-98.6973
31161,42.5048,-102.4089
29005,40.4308,-95.4281
31143,41.1869,-97.5684
13249,32.2617,-84.3148
37095,35.5305,-76.2508
5013,33.5580,-92.5030
32017,37.6433,-114.8775
31097,40.3926,-96.2651
51045,37.4817,-80.2114
47137,36.5584,-85.0749
17059,37.7627,-88.2304
31169,40.1762,-97.5950
20163,39.3502,-99.3250
17171,39.6441,-90.4747
49017,37.8549,-111.4431
27011,45.4261,-96.4109
19159,40.7352,-94.2440
2070,59.7991,-158.2351
46077,44.3696,-97.4915
38021,46.1102,-98.5047
40043,35.9876,-99.0079
20171,38.4822,-100.9069
29199,40.4526,-92.1471
30101,48.6554,-111.6956
46091,45.7586,-97.5986
48333,31.4952,-98.5955
8121,39.9710,-103.2012
17013,39.1693,-90.6676
48103,31.4286,-102.5156
8091,38.1555,-107.7693
21039,36.8532,-88.9710
29171,40.4789,-93.0162
31123,41.7160,-103.0106
8027,38.1087,-105.3675
30065,46.4966,-108.3981
31065,40.1764,-99.9123
20157,39.8278,-97.6506
20007,37.2289,-98.6848
42023,41.4368,-78.2039
56017,43.7190,-108.4422
22107,32.0017,-91.3401
55078,45.0044,-88.7100
29197,40.4703,-92.5210
35033,36.0104,-104.9448
36041,43.6611,-74.4974
21105,36.6781,-88.9762
32021,38.5388,-118.4351
21189,37.4192,-83.6831
29087,40.0944,-95.2155
48229,31.4562,-105.3865
28125,32.8799,-90.8132
40053,36.7961,-97.7861
38025,47.3568,-102.6182
16071,42.1950,-112.5394
48267,30.4868,-99.7487
38085,46.1127,-101.0404
35019,34.8633,-104.7907
46039,44.7600,-96.6680
55037,45.8485,-88.3981
27069,48.7766,-96.7829
51017,38.0587,-79.7411
35023,31.9140,-108.7148
8095,40.5940,-102.3576
53069,46.2918,-123.4244
30061,47.1472,-114.9983
31129,40.1764,-98.0472
31175,41.5673,-98.9819
17151,37.4127,-88.5615
48319,30.7177,-99.2261
46053,43.1924,-99.1856
20185,38.0310,-98.7174
20119,37.2381,-100.3663
16037,44.2411,-114.2817
46031,45.7086,-101.1969
35059,36.4816,-103.4710
38069,48.2496,-99.9718
38045,46.4569,-98.5355
16003,44.8896,-116.4538
37177,35.8172,-76.2090
30071,48.2592,-107.9132
20081,37.5622,-100.8712
27125,47.8717,-96.0953
40045,36.2183,-99.7546
48211,35.8375,-100.2706
53013,46.2975,-117.9078
32029,39.4469,-119.5293
13101,30.7101,-82.8940
38103,47.5875,-99.6609
51720,36.9314,-82.6262
29103,40.1282,-92.1481
48197,34.2902,-99.7457
17069,37.5182,-88.2668
46045,45.4188,-99.2153
20093,38.0003,-101.3199
38081,46.1078,-97.6306
48151,32.7428,-100.4022
46085,43.8958,-99.8474
16061,46.2370,-116.4263
48435,30.4984,-100.5382
38019,48.7723,-98.4648
31029,40.5242,-101.6980
27077,48.7712,-94.9046
48383,31.3661,-101.5231
40059,36.7888,-99.6674
8023,37.2781,-105.4282
48275,33.6061,-99.7414
46025,44.8582,-97.7295
19003,41.0290,-94.6992
30097,45.8139,-109.9410
40129,35.6883,-99.6958
48461,31.3688,-102.0431
48271,29.3501,-100.4180
29129,40.4223,-93.5686
31105,41.1978,-103.7149
20183,39.7852,-98.7855
48023,33.6165,-99.2135
8009,37.3192,-102.5604
31125,41.3973,-97.9922
31181,40.1764,-98.5000
20141,39.3503,-98.7679
35003,33.9152,-108.4046
48105,30.7231,-101.4120
30091,48.7212,-104.5047
46007,43.1950,-101.6640
31083,40.1765,-99.4046
48385,29.8318,-99.8222
46061,43.6748,-97.7873
48295,36.2776,-100.2731
2013,55.3665,-161.9813
48129,34.9654,-100.8140
20019,37.1500,-96.2454
30039,46.4045,-113.4403
27155,45.7722,-96.4716
38029,46.2851,-100.2387
48081,31.8886,-100.5299
48417,32.7359,-99.3541
46071,43.6943,-101.6281
48095,31.3266,-99.8640
38031,47.4571,-98.8830
2195,57.1195,-132.9345
46059,44.5478,-99.0049
20207,37.8867,-95.7401
38011,46.1126,-103.5206
13007,31.3262,-84.4447
48421,36.2777,-101.8934
48191,34.5308,-100.6811
20105,39.0453,-98.2077
6091,39.5803,-120.5160
31163,41.2206,-98.9762
20165,38.5231,-99.3092
46117,44.4123,-100.7359
31017,42.4300,-99.9295
13125,33.2293,-82.6107
31061,40.1763,-98.9528
48413,30.8974,-100.5383
48087,34.9648,-100.2700
13061,31.6263,-84.9801
46043,43.3869,-98.3661
30025,46.3340,-104.4174
31135,40.8510,-101.6497
46105,45.4905,-102.4757
38063,47.9217,-98.1920
48079,33.6042,-102.8285
20089,39.7847,-98.2183
20135,38.4794,-99.9161
20047,37.8876,-99.3122
20039,39.7847,-100.4599
20195,38.9143,-99.8728
31087,40.1763,-101.0423
20109,38.9173,-101.1484
46137,44.9804,-101.6658
46003,43.7180,-98.5616
20129,37.1914,-101.7992
40057,34.7441,-99.8462
49055,38.3244,-110.9039
20023,39.7859,-101.7313
31133,40.1315,-96.2371
20063,38.9161,-100.4830
31063,40.5301,-100.3942
20017,38.3020,-96.5939
13307,32.0466,-84.5510
38051,46.1118,-99.4412
20075,37.9991,-101.7912
16023,43.7229,-113.1721
38041,46.4325,-102.4603
20049,37.4537,-96.2441
20065,39.3497,-99.8832
2100,59.1199,-135.5000
20179,39.3503,-100.4418
20097,37.5582,-99.2861
2275,56.3317,-132.0223
20153,39.7852,-101.0759
38043,46.9801,-99.7801
38075,48.7190,-101.6578
56027,43.0564,-104.4754
38039,47.4573,-98.2370
49033,41.6323,-111.2445
31077,41.5674,-98.5212
46111,44.0234,-98.0913
38037,46.3583,-101.6397
30051,48.5617,-111.0246
38023,48.8149,-103.4872
8115,40.8759,-102.3518
46107,45.0645,-99.9572
46049,45.0710,-99.1453
38001,46.0968,-102.5284
38027,47.7176,-98.9016
46089,45.7664,-99.2214
13239,31.8673,-85.0188
2068,63.6716,-150.0117
48243,30.7154,-104.1400
53023,46.4316,-117.5452
38095,48.6855,-99.2457
48109,31.4471,-104.5173
46097,44.0219,-97.6102
51091,38.3623,-79.5686
48125,33.6165,-100.7789
38013,48.7910,-102.5182
40025,36.7483,-102.5177
30107,46.4663,-109.8446
2105,58.2884,-135.6430
20203,38.4821,-101.3474
21201,38.5188,-84.0520
48327,30.8898,-99.8206
26083,47.6279,-88.4346
48359,35.4050,-102.6028
46095,43.5813,-100.7600
20187,37.5630,-101.7842
35011,34.3425,-104.4120
29227,40.4791,-94.4221
8017,38.8280,-102.6035
20025,37.2355,-99.8203
46017,44.0763,-99.2048
46055,44.2945,-101.5399
46073,44.0663,-98.6296
31073,40.5148,-99.8307
31071,41.9144,-98.9914
48011,34.9649,-101.3574
30045,47.0454,-110.2660
31015,42.8997,-98.7665
48137,29.9827,-100.3048
31057,40.1762,-101.6879
30059,46.5982,-110.8857
41021,45.3783,-120.2108
20083,38.0875,-99.8979
38047,46.4573,-99.4774
49031,38.3367,-112.1274
31069,41.6194,-102.3355
32011,39.9839,-116.2686
8033,37.7517,-108.5174
38033,46.9402,-103.8466
38065,47.1153,-101.3403
31049,41.1116,-102.3338
30055,47.6452,-105.7954
38091,47.4562,-97.7246
20033,37.1913,-99.2718
30019,48.7838,-105.5485
41055,45.4052,-120.6894
48101,34.0776,-100.2788
48235,31.3039,-100.9824
13265,33.5661,-82.8788
30075,45.3950,-105.6302
20199,38.9167,-101.7636
20101,38.4813,-100.4664
48173,31.8694,-101.5208
8061,38.4327,-102.7403
46021,45.7712,-100.0516
48433,33.1792,-100.2534
48045,34.5303,-101.2086
48447,33.1775,-99.2124
41069,44.7260,-120.0275
31149,42.4213,-99.4499
38083,47.5755,-100.3456
2164,58.6529,-156.1868
28055,32.7414,-90.9892
30011,45.5168,-104.5362
46069,44.5473,-99.4871
46063,45.5803,-103.4958
46119,44.7156,-100.1322
48155,33.9746,-99.7780
8057,40.6664,-106.3428
48345,34.0741,-100.7798
30079,46.8605,-105.3780
48431,31.8278,-101.0500
31165,42.4876,-103.7589
20071,38.4806,-101.8060
30109,46.9653,-104.2490
2230,59.5630,-135.3363
16025,43.4633,-114.8058
6003,38.5972,-119.8207
30033,47.2776,-106.9929
32009,37.7847,-117.6323
31113,41.5665,-100.4829
38007,47.0236,-103.3763
16033,44.2839,-112.3512
48443,30.2250,-102.0765
31085,40.5248,-101.0619
2060,58.7439,-156.7000
8053,37.8213,-107.3003
8079,37.6689,-106.9241
48393,35.8384,-100.8136
46075,43.9606,-100.6897
31183,41.9148,-98.5282
48311,28.3527,-98.5679
31103,42.8789,-99.7124
38087,46.4472,-103.4599
30037,46.3812,-109.1752
31075,41.9150,-101.7405
31007,41.5460,-103.7105
31091,41.9161,-101.1353
30103,46.2115,-107.2716
2282,59.8889,-140.3577
48263,33.1813,-100.7776
31171,41.9136,-100.5558
48033,32.7436,-101.4317
49009,40.8873,-109.5077
31115,41.9139,-99.4544
8111,37.7640,-107.6762
48261,26.9285,-97.7017
31009,41.9128,-99.9768
30069,47.1175,-108.2502
35021,35.8579,-103.8203
31005,41.5689,-101.6958
31117,41.5682,-101.0605
48269,33.6166,-100.2558
48301,31.8493,-103.5799
15005,21.1709,-156.9475